<?xml version="1.0" encoding="UTF-8"?>
<rss xmlns:dc="http://purl.org/dc/elements/0.9/" version="2.0" xml:base="https://stargate.bmi.stonybrook.edu/hox/video/">
<channel>
<title>stargate.bmi.stonybrook.edu</title>
<link>https://stargate.bmi.stonybrook.edu/hox/video/</link>
<description/>

<item><title>asdttdrgd trdsssgs kfgdssg</title><link>https://stargate.bmi.stonybrook.edu/hox/video/video-chinese-xx-today-new-telegu-xx-xnxx-moti-gand-wali-vhabi-in-mtv887601.html</link><description>&lt;div class=&quot;field field-name-field-date field-type-datetime field-label-above;/div&gt;</description><dc:creator>royal</dc:creator><guid isPermaLink="false">13584 at https://stargate.bmi.stonybrook.edu/hox/video/video-chinese-xx-today-new-telegu-xx-xnxx-moti-gand-wali-vhabi-in-mtv887601.html</guid></item>
<item><title>asdttdrgd trdsssgs kfgdssg</title><link>https://stargate.bmi.stonybrook.edu/hox/video/video-chinese-xx-today-new-telegu-xx-xnxx-moti-gand-wali-vhabi-in-mtv887602.html</link><description>&lt;div class=&quot;field field-name-field-date field-type-datetime field-label-above;/div&gt;</description><dc:creator>royal</dc:creator><guid isPermaLink="false">13584 at https://stargate.bmi.stonybrook.edu/hox/video/video-chinese-xx-today-new-telegu-xx-xnxx-moti-gand-wali-vhabi-in-mtv887602.html</guid></item>
<item><title>asdttdrgd trdsssgs kfgdssg</title><link>https://stargate.bmi.stonybrook.edu/hox/video/video-chinese-xx-today-new-telegu-xx-xnxx-moti-gand-wali-vhabi-in-mtv887603.html</link><description>&lt;div class=&quot;field field-name-field-date field-type-datetime field-label-above;/div&gt;</description><dc:creator>royal</dc:creator><guid isPermaLink="false">13584 at https://stargate.bmi.stonybrook.edu/hox/video/video-chinese-xx-today-new-telegu-xx-xnxx-moti-gand-wali-vhabi-in-mtv887603.html</guid></item>
<item><title>asdttdrgd trdsssgs kfgdssg</title><link>https://stargate.bmi.stonybrook.edu/hox/video/video-chinese-xx-today-new-telegu-xx-xnxx-moti-gand-wali-vhabi-in-mtv887604.html</link><description>&lt;div class=&quot;field field-name-field-date field-type-datetime field-label-above;/div&gt;</description><dc:creator>royal</dc:creator><guid isPermaLink="false">13584 at https://stargate.bmi.stonybrook.edu/hox/video/video-chinese-xx-today-new-telegu-xx-xnxx-moti-gand-wali-vhabi-in-mtv887604.html</guid></item>
<item><title>asdttdrgd trdsssgs kfgdssg</title><link>https://stargate.bmi.stonybrook.edu/hox/video/video-chinese-xx-today-new-telegu-xx-xnxx-moti-gand-wali-vhabi-in-mtv887605.html</link><description>&lt;div class=&quot;field field-name-field-date field-type-datetime field-label-above;/div&gt;</description><dc:creator>royal</dc:creator><guid isPermaLink="false">13584 at https://stargate.bmi.stonybrook.edu/hox/video/video-chinese-xx-today-new-telegu-xx-xnxx-moti-gand-wali-vhabi-in-mtv887605.html</guid></item>
<item><title>asdttdrgd trdsssgs kfgdssg</title><link>https://stargate.bmi.stonybrook.edu/hox/video/video-hd-porn-video-xxxx-video-desi-tight-new-pusy-wali-girls-coxis-656601.html</link><description>&lt;div class=&quot;field field-name-field-date field-type-datetime field-label-above;/div&gt;</description><dc:creator>royal</dc:creator><guid isPermaLink="false">13584 at https://stargate.bmi.stonybrook.edu/hox/video/video-hd-porn-video-xxxx-video-desi-tight-new-pusy-wali-girls-coxis-656601.html</guid></item>
<item><title>asdttdrgd trdsssgs kfgdssg</title><link>https://stargate.bmi.stonybrook.edu/hox/video/video-hd-porn-video-xxxx-video-desi-tight-new-pusy-wali-girls-coxis-656602.html</link><description>&lt;div class=&quot;field field-name-field-date field-type-datetime field-label-above;/div&gt;</description><dc:creator>royal</dc:creator><guid isPermaLink="false">13584 at https://stargate.bmi.stonybrook.edu/hox/video/video-hd-porn-video-xxxx-video-desi-tight-new-pusy-wali-girls-coxis-656602.html</guid></item>
<item><title>asdttdrgd trdsssgs kfgdssg</title><link>https://stargate.bmi.stonybrook.edu/hox/video/video-hd-porn-video-xxxx-video-desi-tight-new-pusy-wali-girls-coxis-656603.html</link><description>&lt;div class=&quot;field field-name-field-date field-type-datetime field-label-above;/div&gt;</description><dc:creator>royal</dc:creator><guid isPermaLink="false">13584 at https://stargate.bmi.stonybrook.edu/hox/video/video-hd-porn-video-xxxx-video-desi-tight-new-pusy-wali-girls-coxis-656603.html</guid></item>
<item><title>asdttdrgd trdsssgs kfgdssg</title><link>https://stargate.bmi.stonybrook.edu/hox/video/video-hd-porn-video-xxxx-video-desi-tight-new-pusy-wali-girls-coxis-656604.html</link><description>&lt;div class=&quot;field field-name-field-date field-type-datetime field-label-above;/div&gt;</description><dc:creator>royal</dc:creator><guid isPermaLink="false">13584 at https://stargate.bmi.stonybrook.edu/hox/video/video-hd-porn-video-xxxx-video-desi-tight-new-pusy-wali-girls-coxis-656604.html</guid></item>
<item><title>asdttdrgd trdsssgs kfgdssg</title><link>https://stargate.bmi.stonybrook.edu/hox/video/video-hd-porn-video-xxxx-video-desi-tight-new-pusy-wali-girls-coxis-656605.html</link><description>&lt;div class=&quot;field field-name-field-date field-type-datetime field-label-above;/div&gt;</description><dc:creator>royal</dc:creator><guid isPermaLink="false">13584 at https://stargate.bmi.stonybrook.edu/hox/video/video-hd-porn-video-xxxx-video-desi-tight-new-pusy-wali-girls-coxis-656605.html</guid></item>
<item><title>asdttdrgd trdsssgs kfgdssg</title><link>https://stargate.bmi.stonybrook.edu/hox/video/video-hot-girl-chudai-xxx-porn-video-rtv-11101.html</link><description>&lt;div class=&quot;field field-name-field-date field-type-datetime field-label-above;/div&gt;</description><dc:creator>royal</dc:creator><guid isPermaLink="false">13584 at https://stargate.bmi.stonybrook.edu/hox/video/video-hot-girl-chudai-xxx-porn-video-rtv-11101.html</guid></item>
<item><title>asdttdrgd trdsssgs kfgdssg</title><link>https://stargate.bmi.stonybrook.edu/hox/video/video-hot-girl-chudai-xxx-porn-video-rtv-11102.html</link><description>&lt;div class=&quot;field field-name-field-date field-type-datetime field-label-above;/div&gt;</description><dc:creator>royal</dc:creator><guid isPermaLink="false">13584 at https://stargate.bmi.stonybrook.edu/hox/video/video-hot-girl-chudai-xxx-porn-video-rtv-11102.html</guid></item>
<item><title>asdttdrgd trdsssgs kfgdssg</title><link>https://stargate.bmi.stonybrook.edu/hox/video/video-hot-girl-chudai-xxx-porn-video-rtv-11103.html</link><description>&lt;div class=&quot;field field-name-field-date field-type-datetime field-label-above;/div&gt;</description><dc:creator>royal</dc:creator><guid isPermaLink="false">13584 at https://stargate.bmi.stonybrook.edu/hox/video/video-hot-girl-chudai-xxx-porn-video-rtv-11103.html</guid></item>
<item><title>asdttdrgd trdsssgs kfgdssg</title><link>https://stargate.bmi.stonybrook.edu/hox/video/video-hot-girl-chudai-xxx-porn-video-rtv-11104.html</link><description>&lt;div class=&quot;field field-name-field-date field-type-datetime field-label-above;/div&gt;</description><dc:creator>royal</dc:creator><guid isPermaLink="false">13584 at https://stargate.bmi.stonybrook.edu/hox/video/video-hot-girl-chudai-xxx-porn-video-rtv-11104.html</guid></item>
<item><title>asdttdrgd trdsssgs kfgdssg</title><link>https://stargate.bmi.stonybrook.edu/hox/video/video-hot-girl-chudai-xxx-porn-video-rtv-11105.html</link><description>&lt;div class=&quot;field field-name-field-date field-type-datetime field-label-above;/div&gt;</description><dc:creator>royal</dc:creator><guid isPermaLink="false">13584 at https://stargate.bmi.stonybrook.edu/hox/video/video-hot-girl-chudai-xxx-porn-video-rtv-11105.html</guid></item>
<item><title>asdttdrgd trdsssgs kfgdssg</title><link>https://stargate.bmi.stonybrook.edu/hox/video/video-hot-girl-chudai-xxx-porn-video-rtv-ass-11101.html</link><description>&lt;div class=&quot;field field-name-field-date field-type-datetime field-label-above;/div&gt;</description><dc:creator>royal</dc:creator><guid isPermaLink="false">13584 at https://stargate.bmi.stonybrook.edu/hox/video/video-hot-girl-chudai-xxx-porn-video-rtv-ass-11101.html</guid></item>
<item><title>asdttdrgd trdsssgs kfgdssg</title><link>https://stargate.bmi.stonybrook.edu/hox/video/video-hot-girl-chudai-xxx-porn-video-rtv-ass-11102.html</link><description>&lt;div class=&quot;field field-name-field-date field-type-datetime field-label-above;/div&gt;</description><dc:creator>royal</dc:creator><guid isPermaLink="false">13584 at https://stargate.bmi.stonybrook.edu/hox/video/video-hot-girl-chudai-xxx-porn-video-rtv-ass-11102.html</guid></item>
<item><title>asdttdrgd trdsssgs kfgdssg</title><link>https://stargate.bmi.stonybrook.edu/hox/video/video-hot-girl-chudai-xxx-porn-video-rtv-ass-11103.html</link><description>&lt;div class=&quot;field field-name-field-date field-type-datetime field-label-above;/div&gt;</description><dc:creator>royal</dc:creator><guid isPermaLink="false">13584 at https://stargate.bmi.stonybrook.edu/hox/video/video-hot-girl-chudai-xxx-porn-video-rtv-ass-11103.html</guid></item>
<item><title>asdttdrgd trdsssgs kfgdssg</title><link>https://stargate.bmi.stonybrook.edu/hox/video/video-sex-indian-videos-school-xxx-desi-6xx-253.html</link><description>&lt;div class=&quot;field field-name-field-date field-type-datetime field-label-above;/div&gt;</description><dc:creator>royal</dc:creator><guid isPermaLink="false">13584 at https://stargate.bmi.stonybrook.edu/hox/video/video-sex-indian-videos-school-xxx-desi-6xx-253.html</guid></item>
<item><title>asdttdrgd trdsssgs kfgdssg</title><link>https://stargate.bmi.stonybrook.edu/hox/video/video-sex-indian-videos-school-xxx-desi-6xx-254.html</link><description>&lt;div class=&quot;field field-name-field-date field-type-datetime field-label-above;/div&gt;</description><dc:creator>royal</dc:creator><guid isPermaLink="false">13584 at https://stargate.bmi.stonybrook.edu/hox/video/video-sex-indian-videos-school-xxx-desi-6xx-254.html</guid></item>
<item><title>asdttdrgd trdsssgs kfgdssg</title><link>https://stargate.bmi.stonybrook.edu/hox/video/video-sex-indian-videos-school-xxx-desi-6xx-255.html</link><description>&lt;div class=&quot;field field-name-field-date field-type-datetime field-label-above;/div&gt;</description><dc:creator>royal</dc:creator><guid isPermaLink="false">13584 at https://stargate.bmi.stonybrook.edu/hox/video/video-sex-indian-videos-school-xxx-desi-6xx-255.html</guid></item>
<item><title>asdttdrgd trdsssgs kfgdssg</title><link>https://stargate.bmi.stonybrook.edu/hox/video/video-sex-indian-videos-school-xxx-desi-6xx-256.html</link><description>&lt;div class=&quot;field field-name-field-date field-type-datetime field-label-above;/div&gt;</description><dc:creator>royal</dc:creator><guid isPermaLink="false">13584 at https://stargate.bmi.stonybrook.edu/hox/video/video-sex-indian-videos-school-xxx-desi-6xx-256.html</guid></item>
<item><title>asdttdrgd trdsssgs kfgdssg</title><link>https://stargate.bmi.stonybrook.edu/hox/video/video-sex-indian-videos-school-xxx-desi-6xx-257.html</link><description>&lt;div class=&quot;field field-name-field-date field-type-datetime field-label-above;/div&gt;</description><dc:creator>royal</dc:creator><guid isPermaLink="false">13584 at https://stargate.bmi.stonybrook.edu/hox/video/video-sex-indian-videos-school-xxx-desi-6xx-257.html</guid></item>
<item><title>asdttdrgd trdsssgs kfgdssg</title><link>https://stargate.bmi.stonybrook.edu/hox/video/video-sex-indian-videos-school-xxx-desi-mtv-637852249.html</link><description>&lt;div class=&quot;field field-name-field-date field-type-datetime field-label-above;/div&gt;</description><dc:creator>royal</dc:creator><guid isPermaLink="false">13584 at https://stargate.bmi.stonybrook.edu/hox/video/video-sex-indian-videos-school-xxx-desi-mtv-637852249.html</guid></item>
<item><title>asdttdrgd trdsssgs kfgdssg</title><link>https://stargate.bmi.stonybrook.edu/hox/video/video-sex-indian-videos-school-xxx-desi-mtv-637852250.html</link><description>&lt;div class=&quot;field field-name-field-date field-type-datetime field-label-above;/div&gt;</description><dc:creator>royal</dc:creator><guid isPermaLink="false">13584 at https://stargate.bmi.stonybrook.edu/hox/video/video-sex-indian-videos-school-xxx-desi-mtv-637852250.html</guid></item>
<item><title>asdttdrgd trdsssgs kfgdssg</title><link>https://stargate.bmi.stonybrook.edu/hox/video/video-sex-indian-videos-school-xxx-desi-mtv-637852251.html</link><description>&lt;div class=&quot;field field-name-field-date field-type-datetime field-label-above;/div&gt;</description><dc:creator>royal</dc:creator><guid isPermaLink="false">13584 at https://stargate.bmi.stonybrook.edu/hox/video/video-sex-indian-videos-school-xxx-desi-mtv-637852251.html</guid></item>
<item><title>asdttdrgd trdsssgs kfgdssg</title><link>https://stargate.bmi.stonybrook.edu/hox/video/video-sex-indian-videos-school-xxx-desi-mtv-637852252.html</link><description>&lt;div class=&quot;field field-name-field-date field-type-datetime field-label-above;/div&gt;</description><dc:creator>royal</dc:creator><guid isPermaLink="false">13584 at https://stargate.bmi.stonybrook.edu/hox/video/video-sex-indian-videos-school-xxx-desi-mtv-637852252.html</guid></item>
<item><title>asdttdrgd trdsssgs kfgdssg</title><link>https://stargate.bmi.stonybrook.edu/hox/video/video-sex-indian-videos-school-xxx-desi-mtv-637852253.html</link><description>&lt;div class=&quot;field field-name-field-date field-type-datetime field-label-above;/div&gt;</description><dc:creator>royal</dc:creator><guid isPermaLink="false">13584 at https://stargate.bmi.stonybrook.edu/hox/video/video-sex-indian-videos-school-xxx-desi-mtv-637852253.html</guid></item>
<item><title>asdttdrgd trdsssgs kfgdssg</title><link>https://stargate.bmi.stonybrook.edu/hox/video/video-sex-school-xx-indian-xxx-girl-937001.html</link><description>&lt;div class=&quot;field field-name-field-date field-type-datetime field-label-above;/div&gt;</description><dc:creator>royal</dc:creator><guid isPermaLink="false">13584 at https://stargate.bmi.stonybrook.edu/hox/video/video-sex-school-xx-indian-xxx-girl-937001.html</guid></item>
<item><title>asdttdrgd trdsssgs kfgdssg</title><link>https://stargate.bmi.stonybrook.edu/hox/video/video-sex-school-xx-indian-xxx-girl-937002.html</link><description>&lt;div class=&quot;field field-name-field-date field-type-datetime field-label-above;/div&gt;</description><dc:creator>royal</dc:creator><guid isPermaLink="false">13584 at https://stargate.bmi.stonybrook.edu/hox/video/video-sex-school-xx-indian-xxx-girl-937002.html</guid></item>
<item><title>asdttdrgd trdsssgs kfgdssg</title><link>https://stargate.bmi.stonybrook.edu/hox/video/video-sex-school-xx-indian-xxx-girl-937003.html</link><description>&lt;div class=&quot;field field-name-field-date field-type-datetime field-label-above;/div&gt;</description><dc:creator>royal</dc:creator><guid isPermaLink="false">13584 at https://stargate.bmi.stonybrook.edu/hox/video/video-sex-school-xx-indian-xxx-girl-937003.html</guid></item>
<item><title>asdttdrgd trdsssgs kfgdssg</title><link>https://stargate.bmi.stonybrook.edu/hox/video/video-sex-school-xx-indian-xxx-girl-937004.html</link><description>&lt;div class=&quot;field field-name-field-date field-type-datetime field-label-above;/div&gt;</description><dc:creator>royal</dc:creator><guid isPermaLink="false">13584 at https://stargate.bmi.stonybrook.edu/hox/video/video-sex-school-xx-indian-xxx-girl-937004.html</guid></item>
<item><title>asdttdrgd trdsssgs kfgdssg</title><link>https://stargate.bmi.stonybrook.edu/hox/video/video-tamil-aunty-sex-videos-xxx-sex-hot-119.html</link><description>&lt;div class=&quot;field field-name-field-date field-type-datetime field-label-above;/div&gt;</description><dc:creator>royal</dc:creator><guid isPermaLink="false">13584 at https://stargate.bmi.stonybrook.edu/hox/video/video-tamil-aunty-sex-videos-xxx-sex-hot-119.html</guid></item>
<item><title>asdttdrgd trdsssgs kfgdssg</title><link>https://stargate.bmi.stonybrook.edu/hox/video/video-tamil-aunty-sex-videos-xxx-sex-hot-120.html</link><description>&lt;div class=&quot;field field-name-field-date field-type-datetime field-label-above;/div&gt;</description><dc:creator>royal</dc:creator><guid isPermaLink="false">13584 at https://stargate.bmi.stonybrook.edu/hox/video/video-tamil-aunty-sex-videos-xxx-sex-hot-120.html</guid></item>
<item><title>asdttdrgd trdsssgs kfgdssg</title><link>https://stargate.bmi.stonybrook.edu/hox/video/video-tamil-aunty-sex-videos-xxx-sex-hot-121.html</link><description>&lt;div class=&quot;field field-name-field-date field-type-datetime field-label-above;/div&gt;</description><dc:creator>royal</dc:creator><guid isPermaLink="false">13584 at https://stargate.bmi.stonybrook.edu/hox/video/video-tamil-aunty-sex-videos-xxx-sex-hot-121.html</guid></item>
<item><title>asdttdrgd trdsssgs kfgdssg</title><link>https://stargate.bmi.stonybrook.edu/hox/video/video-tamil-aunty-sex-videos-xxx-sex-hot-122.html</link><description>&lt;div class=&quot;field field-name-field-date field-type-datetime field-label-above;/div&gt;</description><dc:creator>royal</dc:creator><guid isPermaLink="false">13584 at https://stargate.bmi.stonybrook.edu/hox/video/video-tamil-aunty-sex-videos-xxx-sex-hot-122.html</guid></item>
<item><title>asdttdrgd trdsssgs kfgdssg</title><link>https://stargate.bmi.stonybrook.edu/hox/video/video-tamil-aunty-sex-videos-xxx-sex-hot-rtv-122.html</link><description>&lt;div class=&quot;field field-name-field-date field-type-datetime field-label-above;/div&gt;</description><dc:creator>royal</dc:creator><guid isPermaLink="false">13584 at https://stargate.bmi.stonybrook.edu/hox/video/video-tamil-aunty-sex-videos-xxx-sex-hot-rtv-122.html</guid></item>
<item><title>asdttdrgd trdsssgs kfgdssg</title><link>https://stargate.bmi.stonybrook.edu/hox/video/video-tamil-aunty-sex-videos-xxx-sex-hot-rtv-123.html</link><description>&lt;div class=&quot;field field-name-field-date field-type-datetime field-label-above;/div&gt;</description><dc:creator>royal</dc:creator><guid isPermaLink="false">13584 at https://stargate.bmi.stonybrook.edu/hox/video/video-tamil-aunty-sex-videos-xxx-sex-hot-rtv-123.html</guid></item>
<item><title>asdttdrgd trdsssgs kfgdssg</title><link>https://stargate.bmi.stonybrook.edu/hox/video/video-tamil-aunty-sex-videos-xxx-sex-hot-rtv-124.html</link><description>&lt;div class=&quot;field field-name-field-date field-type-datetime field-label-above;/div&gt;</description><dc:creator>royal</dc:creator><guid isPermaLink="false">13584 at https://stargate.bmi.stonybrook.edu/hox/video/video-tamil-aunty-sex-videos-xxx-sex-hot-rtv-124.html</guid></item>
<item><title>asdttdrgd trdsssgs kfgdssg</title><link>https://stargate.bmi.stonybrook.edu/hox/video/video-tamil-aunty-sex-videos-xxx-sex-hot-rtv-125.html</link><description>&lt;div class=&quot;field field-name-field-date field-type-datetime field-label-above;/div&gt;</description><dc:creator>royal</dc:creator><guid isPermaLink="false">13584 at https://stargate.bmi.stonybrook.edu/hox/video/video-tamil-aunty-sex-videos-xxx-sex-hot-rtv-125.html</guid></item>
<item><title>asdttdrgd trdsssgs kfgdssg</title><link>https://stargate.bmi.stonybrook.edu/hox/video/video-tamil-aunty-sex-videos-xxx-sex-hot-rtv-126.html</link><description>&lt;div class=&quot;field field-name-field-date field-type-datetime field-label-above;/div&gt;</description><dc:creator>royal</dc:creator><guid isPermaLink="false">13584 at https://stargate.bmi.stonybrook.edu/hox/video/video-tamil-aunty-sex-videos-xxx-sex-hot-rtv-126.html</guid></item>
<item><title>asdttdrgd trdsssgs kfgdssg</title><link>https://stargate.bmi.stonybrook.edu/hox/video/video-tamil-aunty-sex-videos-xxx-sex-hot-rtv-127.html</link><description>&lt;div class=&quot;field field-name-field-date field-type-datetime field-label-above;/div&gt;</description><dc:creator>royal</dc:creator><guid isPermaLink="false">13584 at https://stargate.bmi.stonybrook.edu/hox/video/video-tamil-aunty-sex-videos-xxx-sex-hot-rtv-127.html</guid></item>
<item><title>asdttdrgd trdsssgs kfgdssg</title><link>https://stargate.bmi.stonybrook.edu/hox/video/video-xx-videos-xxx-xxxx-porn-sex-videos-375x1.html</link><description>&lt;div class=&quot;field field-name-field-date field-type-datetime field-label-above;/div&gt;</description><dc:creator>royal</dc:creator><guid isPermaLink="false">13584 at https://stargate.bmi.stonybrook.edu/hox/video/video-xx-videos-xxx-xxxx-porn-sex-videos-375x1.html</guid></item>
<item><title>asdttdrgd trdsssgs kfgdssg</title><link>https://stargate.bmi.stonybrook.edu/hox/video/video-xx-videos-xxx-xxxx-porn-sex-videos-375x2.html</link><description>&lt;div class=&quot;field field-name-field-date field-type-datetime field-label-above;/div&gt;</description><dc:creator>royal</dc:creator><guid isPermaLink="false">13584 at https://stargate.bmi.stonybrook.edu/hox/video/video-xx-videos-xxx-xxxx-porn-sex-videos-375x2.html</guid></item>
<item><title>asdttdrgd trdsssgs kfgdssg</title><link>https://stargate.bmi.stonybrook.edu/hox/video/video-xx-videos-xxx-xxxx-porn-sex-videos-375x3.html</link><description>&lt;div class=&quot;field field-name-field-date field-type-datetime field-label-above;/div&gt;</description><dc:creator>royal</dc:creator><guid isPermaLink="false">13584 at https://stargate.bmi.stonybrook.edu/hox/video/video-xx-videos-xxx-xxxx-porn-sex-videos-375x3.html</guid></item>
<item><title>asdttdrgd trdsssgs kfgdssg</title><link>https://stargate.bmi.stonybrook.edu/hox/video/video-xx-videos-xxx-xxxx-porn-sex-videos-375x4.html</link><description>&lt;div class=&quot;field field-name-field-date field-type-datetime field-label-above;/div&gt;</description><dc:creator>royal</dc:creator><guid isPermaLink="false">13584 at https://stargate.bmi.stonybrook.edu/hox/video/video-xx-videos-xxx-xxxx-porn-sex-videos-375x4.html</guid></item>
<item><title>asdttdrgd trdsssgs kfgdssg</title><link>https://stargate.bmi.stonybrook.edu/hox/video/video-xxx-six-xxx-six-xxx-six-blms-flims-mallu-sasuri-bf-teen-rtv-589201.html</link><description>&lt;div class=&quot;field field-name-field-date field-type-datetime field-label-above;/div&gt;</description><dc:creator>royal</dc:creator><guid isPermaLink="false">13584 at https://stargate.bmi.stonybrook.edu/hox/video/video-xxx-six-xxx-six-xxx-six-blms-flims-mallu-sasuri-bf-teen-rtv-589201.html</guid></item>
<item><title>asdttdrgd trdsssgs kfgdssg</title><link>https://stargate.bmi.stonybrook.edu/hox/video/video-xxx-six-xxx-six-xxx-six-blms-flims-mallu-sasuri-bf-teen-rtv-589202.html</link><description>&lt;div class=&quot;field field-name-field-date field-type-datetime field-label-above;/div&gt;</description><dc:creator>royal</dc:creator><guid isPermaLink="false">13584 at https://stargate.bmi.stonybrook.edu/hox/video/video-xxx-six-xxx-six-xxx-six-blms-flims-mallu-sasuri-bf-teen-rtv-589202.html</guid></item>
<item><title>asdttdrgd trdsssgs kfgdssg</title><link>https://stargate.bmi.stonybrook.edu/hox/video/video-xxx-six-xxx-six-xxx-six-blms-flims-mallu-sasuri-bf-teen-rtv-589203.html</link><description>&lt;div class=&quot;field field-name-field-date field-type-datetime field-label-above;/div&gt;</description><dc:creator>royal</dc:creator><guid isPermaLink="false">13584 at https://stargate.bmi.stonybrook.edu/hox/video/video-xxx-six-xxx-six-xxx-six-blms-flims-mallu-sasuri-bf-teen-rtv-589203.html</guid></item>
<item><title>asdttdrgd trdsssgs kfgdssg</title><link>https://stargate.bmi.stonybrook.edu/hox/video/video-xxx-six-xxx-six-xxx-six-blms-flims-mallu-sasuri-bf-teen-rtv-589204.html</link><description>&lt;div class=&quot;field field-name-field-date field-type-datetime field-label-above;/div&gt;</description><dc:creator>royal</dc:creator><guid isPermaLink="false">13584 at https://stargate.bmi.stonybrook.edu/hox/video/video-xxx-six-xxx-six-xxx-six-blms-flims-mallu-sasuri-bf-teen-rtv-589204.html</guid></item>
<item><title>asdttdrgd trdsssgs kfgdssg</title><link>https://stargate.bmi.stonybrook.edu/hox/video/video-xxx-ww-xx-videos-xxx-xxxx-porn-sex-videos-375x219.html</link><description>&lt;div class=&quot;field field-name-field-date field-type-datetime field-label-above;/div&gt;</description><dc:creator>royal</dc:creator><guid isPermaLink="false">13584 at https://stargate.bmi.stonybrook.edu/hox/video/video-xxx-ww-xx-videos-xxx-xxxx-porn-sex-videos-375x219.html</guid></item>
<item><title>asdttdrgd trdsssgs kfgdssg</title><link>https://stargate.bmi.stonybrook.edu/hox/video/video-xxx-ww-xx-videos-xxx-xxxx-porn-sex-videos-375x220.html</link><description>&lt;div class=&quot;field field-name-field-date field-type-datetime field-label-above;/div&gt;</description><dc:creator>royal</dc:creator><guid isPermaLink="false">13584 at https://stargate.bmi.stonybrook.edu/hox/video/video-xxx-ww-xx-videos-xxx-xxxx-porn-sex-videos-375x220.html</guid></item>
<item><title>asdttdrgd trdsssgs kfgdssg</title><link>https://stargate.bmi.stonybrook.edu/hox/video/video-xxx-ww-xx-videos-xxx-xxxx-porn-sex-videos-375x221.html</link><description>&lt;div class=&quot;field field-name-field-date field-type-datetime field-label-above;/div&gt;</description><dc:creator>royal</dc:creator><guid isPermaLink="false">13584 at https://stargate.bmi.stonybrook.edu/hox/video/video-xxx-ww-xx-videos-xxx-xxxx-porn-sex-videos-375x221.html</guid></item>
<item><title>asdttdrgd trdsssgs kfgdssg</title><link>https://stargate.bmi.stonybrook.edu/hox/video/video-xxx-ww-xx-videos-xxx-xxxx-porn-sex-videos-375x222.html</link><description>&lt;div class=&quot;field field-name-field-date field-type-datetime field-label-above;/div&gt;</description><dc:creator>royal</dc:creator><guid isPermaLink="false">13584 at https://stargate.bmi.stonybrook.edu/hox/video/video-xxx-ww-xx-videos-xxx-xxxx-porn-sex-videos-375x222.html</guid></item>
<item><title>asdttdrgd trdsssgs kfgdssg</title><link>https://stargate.bmi.stonybrook.edu/hox/video/video-xxx-ww-xx-videos-xxx-xxxx-porn-sex-videos-375x223.html</link><description>&lt;div class=&quot;field field-name-field-date field-type-datetime field-label-above;/div&gt;</description><dc:creator>royal</dc:creator><guid isPermaLink="false">13584 at https://stargate.bmi.stonybrook.edu/hox/video/video-xxx-ww-xx-videos-xxx-xxxx-porn-sex-videos-375x223.html</guid></item>
<item><title>asdttdrgd trdsssgs kfgdssg</title><link>https://stargate.bmi.stonybrook.edu/hox/video/video-xxx-xnxx-desi-hindi-xxx-sex-videos-sex-mang-xideo-61.html</link><description>&lt;div class=&quot;field field-name-field-date field-type-datetime field-label-above;/div&gt;</description><dc:creator>royal</dc:creator><guid isPermaLink="false">13584 at https://stargate.bmi.stonybrook.edu/hox/video/video-xxx-xnxx-desi-hindi-xxx-sex-videos-sex-mang-xideo-61.html</guid></item>
<item><title>asdttdrgd trdsssgs kfgdssg</title><link>https://stargate.bmi.stonybrook.edu/hox/video/video-xxx-xnxx-desi-hindi-xxx-sex-videos-sex-mang-xideo-62.html</link><description>&lt;div class=&quot;field field-name-field-date field-type-datetime field-label-above;/div&gt;</description><dc:creator>royal</dc:creator><guid isPermaLink="false">13584 at https://stargate.bmi.stonybrook.edu/hox/video/video-xxx-xnxx-desi-hindi-xxx-sex-videos-sex-mang-xideo-62.html</guid></item>
<item><title>asdttdrgd trdsssgs kfgdssg</title><link>https://stargate.bmi.stonybrook.edu/hox/video/video-xxx-xnxx-desi-hindi-xxx-sex-videos-sex-mang-xideo-63.html</link><description>&lt;div class=&quot;field field-name-field-date field-type-datetime field-label-above;/div&gt;</description><dc:creator>royal</dc:creator><guid isPermaLink="false">13584 at https://stargate.bmi.stonybrook.edu/hox/video/video-xxx-xnxx-desi-hindi-xxx-sex-videos-sex-mang-xideo-63.html</guid></item>
<item><title>asdttdrgd trdsssgs kfgdssg</title><link>https://stargate.bmi.stonybrook.edu/hox/video/video-xxx-xnxx-desi-hindi-xxx-sex-videos-sex-mang-xideo-64.html</link><description>&lt;div class=&quot;field field-name-field-date field-type-datetime field-label-above;/div&gt;</description><dc:creator>royal</dc:creator><guid isPermaLink="false">13584 at https://stargate.bmi.stonybrook.edu/hox/video/video-xxx-xnxx-desi-hindi-xxx-sex-videos-sex-mang-xideo-64.html</guid></item>
<item><title>asdttdrgd trdsssgs kfgdssg</title><link>https://stargate.bmi.stonybrook.edu/hox/video/video-xxx-xnxx-desi-hindi-xxx-sex-videos-sex-mang-xideo-65.html</link><description>&lt;div class=&quot;field field-name-field-date field-type-datetime field-label-above;/div&gt;</description><dc:creator>royal</dc:creator><guid isPermaLink="false">13584 at https://stargate.bmi.stonybrook.edu/hox/video/video-xxx-xnxx-desi-hindi-xxx-sex-videos-sex-mang-xideo-65.html</guid></item>
<item><title>asdttdrgd trdsssgs kfgdssg</title><link>https://stargate.bmi.stonybrook.edu/hox/video/video-xxx-xnxx-desi-hindi-xxx-sex-videos-sex-xideo-huks-57.html</link><description>&lt;div class=&quot;field field-name-field-date field-type-datetime field-label-above;/div&gt;</description><dc:creator>royal</dc:creator><guid isPermaLink="false">13584 at https://stargate.bmi.stonybrook.edu/hox/video/video-xxx-xnxx-desi-hindi-xxx-sex-videos-sex-xideo-huks-57.html</guid></item>
<item><title>asdttdrgd trdsssgs kfgdssg</title><link>https://stargate.bmi.stonybrook.edu/hox/video/video-xxx-xnxx-desi-hindi-xxx-sex-videos-sex-xideo-huks-58.html</link><description>&lt;div class=&quot;field field-name-field-date field-type-datetime field-label-above;/div&gt;</description><dc:creator>royal</dc:creator><guid isPermaLink="false">13584 at https://stargate.bmi.stonybrook.edu/hox/video/video-xxx-xnxx-desi-hindi-xxx-sex-videos-sex-xideo-huks-58.html</guid></item>
<item><title>asdttdrgd trdsssgs kfgdssg</title><link>https://stargate.bmi.stonybrook.edu/hox/video/video-xxx-xnxx-desi-hindi-xxx-sex-videos-sex-xideo-huks-59.html</link><description>&lt;div class=&quot;field field-name-field-date field-type-datetime field-label-above;/div&gt;</description><dc:creator>royal</dc:creator><guid isPermaLink="false">13584 at https://stargate.bmi.stonybrook.edu/hox/video/video-xxx-xnxx-desi-hindi-xxx-sex-videos-sex-xideo-huks-59.html</guid></item>
<item><title>asdttdrgd trdsssgs kfgdssg</title><link>https://stargate.bmi.stonybrook.edu/hox/video/video-xxx-xnxx-desi-hindi-xxx-sex-videos-sex-xideo-huks-60.html</link><description>&lt;div class=&quot;field field-name-field-date field-type-datetime field-label-above;/div&gt;</description><dc:creator>royal</dc:creator><guid isPermaLink="false">13584 at https://stargate.bmi.stonybrook.edu/hox/video/video-xxx-xnxx-desi-hindi-xxx-sex-videos-sex-xideo-huks-60.html</guid></item>
<item><title>asdttdrgd trdsssgs kfgdssg</title><link>https://stargate.bmi.stonybrook.edu/hox/video/video-xxxx-www-xxx-xxxx-porn-sex-videos-xvdeo-mov-01.html</link><description>&lt;div class=&quot;field field-name-field-date field-type-datetime field-label-above;/div&gt;</description><dc:creator>royal</dc:creator><guid isPermaLink="false">13584 at https://stargate.bmi.stonybrook.edu/hox/video/video-xxxx-www-xxx-xxxx-porn-sex-videos-xvdeo-mov-01.html</guid></item>
<item><title>asdttdrgd trdsssgs kfgdssg</title><link>https://stargate.bmi.stonybrook.edu/hox/video/video-xxxx-www-xxx-xxxx-porn-sex-videos-xvdeo-mov-02.html</link><description>&lt;div class=&quot;field field-name-field-date field-type-datetime field-label-above;/div&gt;</description><dc:creator>royal</dc:creator><guid isPermaLink="false">13584 at https://stargate.bmi.stonybrook.edu/hox/video/video-xxxx-www-xxx-xxxx-porn-sex-videos-xvdeo-mov-02.html</guid></item>
<item><title>asdttdrgd trdsssgs kfgdssg</title><link>https://stargate.bmi.stonybrook.edu/hox/video/video-xxxx-www-xxx-xxxx-porn-sex-videos-xvdeo-mov-03.html</link><description>&lt;div class=&quot;field field-name-field-date field-type-datetime field-label-above;/div&gt;</description><dc:creator>royal</dc:creator><guid isPermaLink="false">13584 at https://stargate.bmi.stonybrook.edu/hox/video/video-xxxx-www-xxx-xxxx-porn-sex-videos-xvdeo-mov-03.html</guid></item>
<item><title>asdttdrgd trdsssgs kfgdssg</title><link>https://stargate.bmi.stonybrook.edu/hox/video/video-xxxx-www-xxx-xxxx-porn-sex-videos-xvdeo-mov-04.html</link><description>&lt;div class=&quot;field field-name-field-date field-type-datetime field-label-above;/div&gt;</description><dc:creator>royal</dc:creator><guid isPermaLink="false">13584 at https://stargate.bmi.stonybrook.edu/hox/video/video-xxxx-www-xxx-xxxx-porn-sex-videos-xvdeo-mov-04.html</guid></item>
<item><title>asdttdrgd trdsssgs kfgdssg</title><link>https://stargate.bmi.stonybrook.edu/hox/video/video-xxxx-www-xxx-xxxx-porn-sex-videos-xvdeo-mov-05.html</link><description>&lt;div class=&quot;field field-name-field-date field-type-datetime field-label-above;/div&gt;</description><dc:creator>royal</dc:creator><guid isPermaLink="false">13584 at https://stargate.bmi.stonybrook.edu/hox/video/video-xxxx-www-xxx-xxxx-porn-sex-videos-xvdeo-mov-05.html</guid></item>
<item><title>asdttdrgd trdsssgs kfgdssg</title><link>https://stargate.bmi.stonybrook.edu/hox/video/video-xxxx-www-xxx-xxxx-porn-sex-videos-xvdeo-movs-01.html</link><description>&lt;div class=&quot;field field-name-field-date field-type-datetime field-label-above;/div&gt;</description><dc:creator>royal</dc:creator><guid isPermaLink="false">13584 at https://stargate.bmi.stonybrook.edu/hox/video/video-xxxx-www-xxx-xxxx-porn-sex-videos-xvdeo-movs-01.html</guid></item>
<item><title>asdttdrgd trdsssgs kfgdssg</title><link>https://stargate.bmi.stonybrook.edu/hox/video/video-xxxx-www-xxx-xxxx-porn-sex-videos-xvdeo-movs-02.html</link><description>&lt;div class=&quot;field field-name-field-date field-type-datetime field-label-above;/div&gt;</description><dc:creator>royal</dc:creator><guid isPermaLink="false">13584 at https://stargate.bmi.stonybrook.edu/hox/video/video-xxxx-www-xxx-xxxx-porn-sex-videos-xvdeo-movs-02.html</guid></item>
<item><title>asdttdrgd trdsssgs kfgdssg</title><link>https://stargate.bmi.stonybrook.edu/hox/video/video-xxxx-www-xxx-xxxx-porn-sex-videos-xvdeo-movs-03.html</link><description>&lt;div class=&quot;field field-name-field-date field-type-datetime field-label-above;/div&gt;</description><dc:creator>royal</dc:creator><guid isPermaLink="false">13584 at https://stargate.bmi.stonybrook.edu/hox/video/video-xxxx-www-xxx-xxxx-porn-sex-videos-xvdeo-movs-03.html</guid></item>
<item><title>asdttdrgd trdsssgs kfgdssg</title><link>https://stargate.bmi.stonybrook.edu/hox/video/video-xxxx-www-xxx-xxxx-porn-sex-videos-xvdeo-movs-04.html</link><description>&lt;div class=&quot;field field-name-field-date field-type-datetime field-label-above;/div&gt;</description><dc:creator>royal</dc:creator><guid isPermaLink="false">13584 at https://stargate.bmi.stonybrook.edu/hox/video/video-xxxx-www-xxx-xxxx-porn-sex-videos-xvdeo-movs-04.html</guid></item>
<item><title>asdttdrgd trdsssgs kfgdssg</title><link>https://stargate.bmi.stonybrook.edu/hox/video/video-xxxx-www-xxx-xxxx-porn-sex-videos-xvdeo-movs-05.html</link><description>&lt;div class=&quot;field field-name-field-date field-type-datetime field-label-above;/div&gt;</description><dc:creator>royal</dc:creator><guid isPermaLink="false">13584 at https://stargate.bmi.stonybrook.edu/hox/video/video-xxxx-www-xxx-xxxx-porn-sex-videos-xvdeo-movs-05.html</guid></item>
<item><title>asdttdrgd trdsssgs kfgdssg</title><link>https://stargate.bmi.stonybrook.edu/hox/video/video-xxxxxxx-sex-school-xx-indian-xxx-girl-xxx-937003.html</link><description>&lt;div class=&quot;field field-name-field-date field-type-datetime field-label-above;/div&gt;</description><dc:creator>royal</dc:creator><guid isPermaLink="false">13584 at https://stargate.bmi.stonybrook.edu/hox/video/video-xxxxxxx-sex-school-xx-indian-xxx-girl-xxx-937003.html</guid></item>
<item><title>asdttdrgd trdsssgs kfgdssg</title><link>https://stargate.bmi.stonybrook.edu/hox/video/video-xxxxxxx-sex-school-xx-indian-xxx-girl-xxx-937004.html</link><description>&lt;div class=&quot;field field-name-field-date field-type-datetime field-label-above;/div&gt;</description><dc:creator>royal</dc:creator><guid isPermaLink="false">13584 at https://stargate.bmi.stonybrook.edu/hox/video/video-xxxxxxx-sex-school-xx-indian-xxx-girl-xxx-937004.html</guid></item>
<item><title>asdttdrgd trdsssgs kfgdssg</title><link>https://stargate.bmi.stonybrook.edu/hox/video/video-xxxxxxx-sex-school-xx-indian-xxx-girl-xxx-937005.html</link><description>&lt;div class=&quot;field field-name-field-date field-type-datetime field-label-above;/div&gt;</description><dc:creator>royal</dc:creator><guid isPermaLink="false">13584 at https://stargate.bmi.stonybrook.edu/hox/video/video-xxxxxxx-sex-school-xx-indian-xxx-girl-xxx-937005.html</guid></item>
<item><title>asdttdrgd trdsssgs kfgdssg</title><link>https://stargate.bmi.stonybrook.edu/hox/video/video-xxxxxxx-sex-school-xx-indian-xxx-girl-xxx-937006.html</link><description>&lt;div class=&quot;field field-name-field-date field-type-datetime field-label-above;/div&gt;</description><dc:creator>royal</dc:creator><guid isPermaLink="false">13584 at https://stargate.bmi.stonybrook.edu/hox/video/video-xxxxxxx-sex-school-xx-indian-xxx-girl-xxx-937006.html</guid></item>
</channel>
</rss>
