<?xml version="1.0" encoding="UTF-8"?>
<rss xmlns:dc="http://purl.org/dc/elements/0.9/" version="2.0" xml:base="https://baustandards-dev.lidl.com/jok/video/">
<channel>
<title>baustandards-dev.lidl.com</title>
<link>https://baustandards-dev.lidl.com/jok/video/</link>
<description/>

<item><title>World Economic News Today Fata</title><link>https://baustandards-dev.lidl.com/jok/video/video-arab-eg-masr-naw101.html</link><description>&lt;div class=&quot;field field-name-field-date field-type-datetime field-label-above;/div&gt;</description><dc:creator>royal</dc:creator><guid isPermaLink="false">13584 at https://baustandards-dev.lidl.com/jok/video/video-arab-eg-masr-naw101.html</guid></item>
<item><title>World Economic News Today Fata</title><link>https://baustandards-dev.lidl.com/jok/video/video-arab-eg-masr-naw102.html</link><description>&lt;div class=&quot;field field-name-field-date field-type-datetime field-label-above;/div&gt;</description><dc:creator>royal</dc:creator><guid isPermaLink="false">13584 at https://baustandards-dev.lidl.com/jok/video/video-arab-eg-masr-naw102.html</guid></item>
<item><title>World Economic News Today Fata</title><link>https://baustandards-dev.lidl.com/jok/video/video-arab-eg-masr-naw103.html</link><description>&lt;div class=&quot;field field-name-field-date field-type-datetime field-label-above;/div&gt;</description><dc:creator>royal</dc:creator><guid isPermaLink="false">13584 at https://baustandards-dev.lidl.com/jok/video/video-arab-eg-masr-naw103.html</guid></item>
<item><title>World Economic News Today Fata</title><link>https://baustandards-dev.lidl.com/jok/video/video-arab-eg-masr-naw104.html</link><description>&lt;div class=&quot;field field-name-field-date field-type-datetime field-label-above;/div&gt;</description><dc:creator>royal</dc:creator><guid isPermaLink="false">13584 at https://baustandards-dev.lidl.com/jok/video/video-arab-eg-masr-naw104.html</guid></item>
<item><title>World Economic News Today Fata</title><link>https://baustandards-dev.lidl.com/jok/video/video-arab-hot-xxx-sex-xnxx-hdq-69501.html</link><description>&lt;div class=&quot;field field-name-field-date field-type-datetime field-label-above;/div&gt;</description><dc:creator>royal</dc:creator><guid isPermaLink="false">13584 at https://baustandards-dev.lidl.com/jok/video/video-arab-hot-xxx-sex-xnxx-hdq-69501.html</guid></item>
<item><title>World Economic News Today Fata</title><link>https://baustandards-dev.lidl.com/jok/video/video-arab-hot-xxx-sex-xnxx-hdq-69502.html</link><description>&lt;div class=&quot;field field-name-field-date field-type-datetime field-label-above;/div&gt;</description><dc:creator>royal</dc:creator><guid isPermaLink="false">13584 at https://baustandards-dev.lidl.com/jok/video/video-arab-hot-xxx-sex-xnxx-hdq-69502.html</guid></item>
<item><title>World Economic News Today Fata</title><link>https://baustandards-dev.lidl.com/jok/video/video-arab-hot-xxx-sex-xnxx-hdq-69503.html</link><description>&lt;div class=&quot;field field-name-field-date field-type-datetime field-label-above;/div&gt;</description><dc:creator>royal</dc:creator><guid isPermaLink="false">13584 at https://baustandards-dev.lidl.com/jok/video/video-arab-hot-xxx-sex-xnxx-hdq-69503.html</guid></item>
<item><title>World Economic News Today Fata</title><link>https://baustandards-dev.lidl.com/jok/video/video-indian-school-desi-xxx-girl-xxx-153748272.html</link><description>&lt;div class=&quot;field field-name-field-date field-type-datetime field-label-above;/div&gt;</description><dc:creator>royal</dc:creator><guid isPermaLink="false">13584 at https://baustandards-dev.lidl.com/jok/video/video-indian-school-desi-xxx-girl-xxx-153748272.html</guid></item>
<item><title>World Economic News Today Fata</title><link>https://baustandards-dev.lidl.com/jok/video/video-indian-school-desi-xxx-girl-xxx-153748273.html</link><description>&lt;div class=&quot;field field-name-field-date field-type-datetime field-label-above;/div&gt;</description><dc:creator>royal</dc:creator><guid isPermaLink="false">13584 at https://baustandards-dev.lidl.com/jok/video/video-indian-school-desi-xxx-girl-xxx-153748273.html</guid></item>
<item><title>World Economic News Today Fata</title><link>https://baustandards-dev.lidl.com/jok/video/video-indian-school-desi-xxx-girl-xxx-153748274.html</link><description>&lt;div class=&quot;field field-name-field-date field-type-datetime field-label-above;/div&gt;</description><dc:creator>royal</dc:creator><guid isPermaLink="false">13584 at https://baustandards-dev.lidl.com/jok/video/video-indian-school-desi-xxx-girl-xxx-153748274.html</guid></item>
<item><title>World Economic News Today Fata</title><link>https://baustandards-dev.lidl.com/jok/video/video-indian-school-desi-xxx-girl-xxx-69x101.html</link><description>&lt;div class=&quot;field field-name-field-date field-type-datetime field-label-above;/div&gt;</description><dc:creator>royal</dc:creator><guid isPermaLink="false">13584 at https://baustandards-dev.lidl.com/jok/video/video-indian-school-desi-xxx-girl-xxx-69x101.html</guid></item>
<item><title>World Economic News Today Fata</title><link>https://baustandards-dev.lidl.com/jok/video/video-indian-school-desi-xxx-girl-xxx-69x102.html</link><description>&lt;div class=&quot;field field-name-field-date field-type-datetime field-label-above;/div&gt;</description><dc:creator>royal</dc:creator><guid isPermaLink="false">13584 at https://baustandards-dev.lidl.com/jok/video/video-indian-school-desi-xxx-girl-xxx-69x102.html</guid></item>
<item><title>World Economic News Today Fata</title><link>https://baustandards-dev.lidl.com/jok/video/video-indian-school-desi-xxx-girl-xxx-69x103.html</link><description>&lt;div class=&quot;field field-name-field-date field-type-datetime field-label-above;/div&gt;</description><dc:creator>royal</dc:creator><guid isPermaLink="false">13584 at https://baustandards-dev.lidl.com/jok/video/video-indian-school-desi-xxx-girl-xxx-69x103.html</guid></item>
<item><title>World Economic News Today Fata</title><link>https://baustandards-dev.lidl.com/jok/video/video-indian-sex-sex-videos-xxx-xxx-875935949.html</link><description>&lt;div class=&quot;field field-name-field-date field-type-datetime field-label-above;/div&gt;</description><dc:creator>royal</dc:creator><guid isPermaLink="false">13584 at https://baustandards-dev.lidl.com/jok/video/video-indian-sex-sex-videos-xxx-xxx-875935949.html</guid></item>
<item><title>World Economic News Today Fata</title><link>https://baustandards-dev.lidl.com/jok/video/video-indian-sex-sex-videos-xxx-xxx-875935950.html</link><description>&lt;div class=&quot;field field-name-field-date field-type-datetime field-label-above;/div&gt;</description><dc:creator>royal</dc:creator><guid isPermaLink="false">13584 at https://baustandards-dev.lidl.com/jok/video/video-indian-sex-sex-videos-xxx-xxx-875935950.html</guid></item>
<item><title>World Economic News Today Fata</title><link>https://baustandards-dev.lidl.com/jok/video/video-indian-sex-sex-videos-xxx-xxx-875935951.html</link><description>&lt;div class=&quot;field field-name-field-date field-type-datetime field-label-above;/div&gt;</description><dc:creator>royal</dc:creator><guid isPermaLink="false">13584 at https://baustandards-dev.lidl.com/jok/video/video-indian-sex-sex-videos-xxx-xxx-875935951.html</guid></item>
<item><title>World Economic News Today Fata</title><link>https://baustandards-dev.lidl.com/jok/video/video-indian-sex-sex-videos-xxx-xxx-xvid51.html</link><description>&lt;div class=&quot;field field-name-field-date field-type-datetime field-label-above;/div&gt;</description><dc:creator>royal</dc:creator><guid isPermaLink="false">13584 at https://baustandards-dev.lidl.com/jok/video/video-indian-sex-sex-videos-xxx-xxx-xvid51.html</guid></item>
<item><title>World Economic News Today Fata</title><link>https://baustandards-dev.lidl.com/jok/video/video-indian-sex-sex-videos-xxx-xxx-xvid52.html</link><description>&lt;div class=&quot;field field-name-field-date field-type-datetime field-label-above;/div&gt;</description><dc:creator>royal</dc:creator><guid isPermaLink="false">13584 at https://baustandards-dev.lidl.com/jok/video/video-indian-sex-sex-videos-xxx-xxx-xvid52.html</guid></item>
<item><title>World Economic News Today Fata</title><link>https://baustandards-dev.lidl.com/jok/video/video-indian-sex-sex-videos-xxx-xxx-xvid53.html</link><description>&lt;div class=&quot;field field-name-field-date field-type-datetime field-label-above;/div&gt;</description><dc:creator>royal</dc:creator><guid isPermaLink="false">13584 at https://baustandards-dev.lidl.com/jok/video/video-indian-sex-sex-videos-xxx-xxx-xvid53.html</guid></item>
<item><title>World Economic News Today Fata</title><link>https://baustandards-dev.lidl.com/jok/video/video-korean-porn-sex-sexy-xxx-xnxx-578717364.html</link><description>&lt;div class=&quot;field field-name-field-date field-type-datetime field-label-above;/div&gt;</description><dc:creator>royal</dc:creator><guid isPermaLink="false">13584 at https://baustandards-dev.lidl.com/jok/video/video-korean-porn-sex-sexy-xxx-xnxx-578717364.html</guid></item>
<item><title>World Economic News Today Fata</title><link>https://baustandards-dev.lidl.com/jok/video/video-korean-porn-sex-sexy-xxx-xnxx-578717365.html</link><description>&lt;div class=&quot;field field-name-field-date field-type-datetime field-label-above;/div&gt;</description><dc:creator>royal</dc:creator><guid isPermaLink="false">13584 at https://baustandards-dev.lidl.com/jok/video/video-korean-porn-sex-sexy-xxx-xnxx-578717365.html</guid></item>
<item><title>World Economic News Today Fata</title><link>https://baustandards-dev.lidl.com/jok/video/video-korean-porn-sex-sexy-xxx-xnxx-578717366.html</link><description>&lt;div class=&quot;field field-name-field-date field-type-datetime field-label-above;/div&gt;</description><dc:creator>royal</dc:creator><guid isPermaLink="false">13584 at https://baustandards-dev.lidl.com/jok/video/video-korean-porn-sex-sexy-xxx-xnxx-578717366.html</guid></item>
<item><title>World Economic News Today Fata</title><link>https://baustandards-dev.lidl.com/jok/video/video-korean-porn-sex-sexy-xxx-xnxx-69x-xx101.html</link><description>&lt;div class=&quot;field field-name-field-date field-type-datetime field-label-above;/div&gt;</description><dc:creator>royal</dc:creator><guid isPermaLink="false">13584 at https://baustandards-dev.lidl.com/jok/video/video-korean-porn-sex-sexy-xxx-xnxx-69x-xx101.html</guid></item>
<item><title>World Economic News Today Fata</title><link>https://baustandards-dev.lidl.com/jok/video/video-korean-porn-sex-sexy-xxx-xnxx-69x-xx102.html</link><description>&lt;div class=&quot;field field-name-field-date field-type-datetime field-label-above;/div&gt;</description><dc:creator>royal</dc:creator><guid isPermaLink="false">13584 at https://baustandards-dev.lidl.com/jok/video/video-korean-porn-sex-sexy-xxx-xnxx-69x-xx102.html</guid></item>
<item><title>World Economic News Today Fata</title><link>https://baustandards-dev.lidl.com/jok/video/video-korean-porn-sex-sexy-xxx-xnxx-69x-xx103.html</link><description>&lt;div class=&quot;field field-name-field-date field-type-datetime field-label-above;/div&gt;</description><dc:creator>royal</dc:creator><guid isPermaLink="false">13584 at https://baustandards-dev.lidl.com/jok/video/video-korean-porn-sex-sexy-xxx-xnxx-69x-xx103.html</guid></item>
<item><title>World Economic News Today Fata</title><link>https://baustandards-dev.lidl.com/jok/video/video-new-hot-xxx-porn-movie-sex-tube-hdtv-30.html</link><description>&lt;div class=&quot;field field-name-field-date field-type-datetime field-label-above;/div&gt;</description><dc:creator>royal</dc:creator><guid isPermaLink="false">13584 at https://baustandards-dev.lidl.com/jok/video/video-new-hot-xxx-porn-movie-sex-tube-hdtv-30.html</guid></item>
<item><title>World Economic News Today Fata</title><link>https://baustandards-dev.lidl.com/jok/video/video-new-hot-xxx-porn-movie-sex-tube-hdtv-31.html</link><description>&lt;div class=&quot;field field-name-field-date field-type-datetime field-label-above;/div&gt;</description><dc:creator>royal</dc:creator><guid isPermaLink="false">13584 at https://baustandards-dev.lidl.com/jok/video/video-new-hot-xxx-porn-movie-sex-tube-hdtv-31.html</guid></item>
<item><title>World Economic News Today Fata</title><link>https://baustandards-dev.lidl.com/jok/video/video-new-hot-xxx-porn-movie-sex-tube-hdtv-32.html</link><description>&lt;div class=&quot;field field-name-field-date field-type-datetime field-label-above;/div&gt;</description><dc:creator>royal</dc:creator><guid isPermaLink="false">13584 at https://baustandards-dev.lidl.com/jok/video/video-new-hot-xxx-porn-movie-sex-tube-hdtv-32.html</guid></item>
<item><title>World Economic News Today Fata</title><link>https://baustandards-dev.lidl.com/jok/video/video-new-hot-xxx-porn-movie-sex-tube-hdtv-33.html</link><description>&lt;div class=&quot;field field-name-field-date field-type-datetime field-label-above;/div&gt;</description><dc:creator>royal</dc:creator><guid isPermaLink="false">13584 at https://baustandards-dev.lidl.com/jok/video/video-new-hot-xxx-porn-movie-sex-tube-hdtv-33.html</guid></item>
<item><title>World Economic News Today Fata</title><link>https://baustandards-dev.lidl.com/jok/video/video-new-hot-xxx-porn-movie-sex-tube-hdtv-34.html</link><description>&lt;div class=&quot;field field-name-field-date field-type-datetime field-label-above;/div&gt;</description><dc:creator>royal</dc:creator><guid isPermaLink="false">13584 at https://baustandards-dev.lidl.com/jok/video/video-new-hot-xxx-porn-movie-sex-tube-hdtv-34.html</guid></item>
<item><title>World Economic News Today Fata</title><link>https://baustandards-dev.lidl.com/jok/video/video-sex-xxx-xxx-phim-phim-xxx-69x-404029348.html</link><description>&lt;div class=&quot;field field-name-field-date field-type-datetime field-label-above;/div&gt;</description><dc:creator>royal</dc:creator><guid isPermaLink="false">13584 at https://baustandards-dev.lidl.com/jok/video/video-sex-xxx-xxx-phim-phim-xxx-69x-404029348.html</guid></item>
<item><title>World Economic News Today Fata</title><link>https://baustandards-dev.lidl.com/jok/video/video-sex-xxx-xxx-phim-phim-xxx-69x-404029349.html</link><description>&lt;div class=&quot;field field-name-field-date field-type-datetime field-label-above;/div&gt;</description><dc:creator>royal</dc:creator><guid isPermaLink="false">13584 at https://baustandards-dev.lidl.com/jok/video/video-sex-xxx-xxx-phim-phim-xxx-69x-404029349.html</guid></item>
<item><title>World Economic News Today Fata</title><link>https://baustandards-dev.lidl.com/jok/video/video-sex-xxx-xxx-phim-phim-xxx-69x-404029350.html</link><description>&lt;div class=&quot;field field-name-field-date field-type-datetime field-label-above;/div&gt;</description><dc:creator>royal</dc:creator><guid isPermaLink="false">13584 at https://baustandards-dev.lidl.com/jok/video/video-sex-xxx-xxx-phim-phim-xxx-69x-404029350.html</guid></item>
<item><title>World Economic News Today Fata</title><link>https://baustandards-dev.lidl.com/jok/video/video-sex-xxx-xxx-phim-phim-xxx-69x-404029351.html</link><description>&lt;div class=&quot;field field-name-field-date field-type-datetime field-label-above;/div&gt;</description><dc:creator>royal</dc:creator><guid isPermaLink="false">13584 at https://baustandards-dev.lidl.com/jok/video/video-sex-xxx-xxx-phim-phim-xxx-69x-404029351.html</guid></item>
<item><title>World Economic News Today Fata</title><link>https://baustandards-dev.lidl.com/jok/video/video-thai-viral-xxx-av-sex-hdxx_8801160612.html</link><description>&lt;div class=&quot;field field-name-field-date field-type-datetime field-label-above;/div&gt;</description><dc:creator>royal</dc:creator><guid isPermaLink="false">13584 at https://baustandards-dev.lidl.com/jok/video/video-thai-viral-xxx-av-sex-hdxx_8801160612.html</guid></item>
<item><title>World Economic News Today Fata</title><link>https://baustandards-dev.lidl.com/jok/video/video-thai-viral-xxx-av-sex-hdxx_8801160613.html</link><description>&lt;div class=&quot;field field-name-field-date field-type-datetime field-label-above;/div&gt;</description><dc:creator>royal</dc:creator><guid isPermaLink="false">13584 at https://baustandards-dev.lidl.com/jok/video/video-thai-viral-xxx-av-sex-hdxx_8801160613.html</guid></item>
<item><title>World Economic News Today Fata</title><link>https://baustandards-dev.lidl.com/jok/video/video-thai-viral-xxx-av-sex-hdxx_8801160614.html</link><description>&lt;div class=&quot;field field-name-field-date field-type-datetime field-label-above;/div&gt;</description><dc:creator>royal</dc:creator><guid isPermaLink="false">13584 at https://baustandards-dev.lidl.com/jok/video/video-thai-viral-xxx-av-sex-hdxx_8801160614.html</guid></item>
<item><title>World Economic News Today Fata</title><link>https://baustandards-dev.lidl.com/jok/video/video-thai-viral-xxx-av-sex-hdxx_8801160615.html</link><description>&lt;div class=&quot;field field-name-field-date field-type-datetime field-label-above;/div&gt;</description><dc:creator>royal</dc:creator><guid isPermaLink="false">13584 at https://baustandards-dev.lidl.com/jok/video/video-thai-viral-xxx-av-sex-hdxx_8801160615.html</guid></item>
<item><title>World Economic News Today Fata</title><link>https://baustandards-dev.lidl.com/jok/video/video-videos-sex-video-video-xnxx-xxx-501.html</link><description>&lt;div class=&quot;field field-name-field-date field-type-datetime field-label-above;/div&gt;</description><dc:creator>royal</dc:creator><guid isPermaLink="false">13584 at https://baustandards-dev.lidl.com/jok/video/video-videos-sex-video-video-xnxx-xxx-501.html</guid></item>
<item><title>World Economic News Today Fata</title><link>https://baustandards-dev.lidl.com/jok/video/video-videos-sex-video-video-xnxx-xxx-502.html</link><description>&lt;div class=&quot;field field-name-field-date field-type-datetime field-label-above;/div&gt;</description><dc:creator>royal</dc:creator><guid isPermaLink="false">13584 at https://baustandards-dev.lidl.com/jok/video/video-videos-sex-video-video-xnxx-xxx-502.html</guid></item>
<item><title>World Economic News Today Fata</title><link>https://baustandards-dev.lidl.com/jok/video/video-videos-sex-video-video-xnxx-xxx-990931115.html</link><description>&lt;div class=&quot;field field-name-field-date field-type-datetime field-label-above;/div&gt;</description><dc:creator>royal</dc:creator><guid isPermaLink="false">13584 at https://baustandards-dev.lidl.com/jok/video/video-videos-sex-video-video-xnxx-xxx-990931115.html</guid></item>
<item><title>World Economic News Today Fata</title><link>https://baustandards-dev.lidl.com/jok/video/video-videos-sex-video-video-xnxx-xxx-990931116.html</link><description>&lt;div class=&quot;field field-name-field-date field-type-datetime field-label-above;/div&gt;</description><dc:creator>royal</dc:creator><guid isPermaLink="false">13584 at https://baustandards-dev.lidl.com/jok/video/video-videos-sex-video-video-xnxx-xxx-990931116.html</guid></item>
<item><title>World Economic News Today Fata</title><link>https://baustandards-dev.lidl.com/jok/video/video-videos-sex-video-video-xnxx-xxx-990931117.html</link><description>&lt;div class=&quot;field field-name-field-date field-type-datetime field-label-above;/div&gt;</description><dc:creator>royal</dc:creator><guid isPermaLink="false">13584 at https://baustandards-dev.lidl.com/jok/video/video-videos-sex-video-video-xnxx-xxx-990931117.html</guid></item>
<item><title>World Economic News Today Fata</title><link>https://baustandards-dev.lidl.com/jok/video/video-viral-xxx-aunty-sex-desi-indian-374249615.html</link><description>&lt;div class=&quot;field field-name-field-date field-type-datetime field-label-above;/div&gt;</description><dc:creator>royal</dc:creator><guid isPermaLink="false">13584 at https://baustandards-dev.lidl.com/jok/video/video-viral-xxx-aunty-sex-desi-indian-374249615.html</guid></item>
<item><title>World Economic News Today Fata</title><link>https://baustandards-dev.lidl.com/jok/video/video-viral-xxx-aunty-sex-desi-indian-374249616.html</link><description>&lt;div class=&quot;field field-name-field-date field-type-datetime field-label-above;/div&gt;</description><dc:creator>royal</dc:creator><guid isPermaLink="false">13584 at https://baustandards-dev.lidl.com/jok/video/video-viral-xxx-aunty-sex-desi-indian-374249616.html</guid></item>
<item><title>World Economic News Today Fata</title><link>https://baustandards-dev.lidl.com/jok/video/video-viral-xxx-aunty-sex-desi-indian-huk16.html</link><description>&lt;div class=&quot;field field-name-field-date field-type-datetime field-label-above;/div&gt;</description><dc:creator>royal</dc:creator><guid isPermaLink="false">13584 at https://baustandards-dev.lidl.com/jok/video/video-viral-xxx-aunty-sex-desi-indian-huk16.html</guid></item>
<item><title>World Economic News Today Fata</title><link>https://baustandards-dev.lidl.com/jok/video/video-viral-xxx-aunty-sex-desi-indian-huk17.html</link><description>&lt;div class=&quot;field field-name-field-date field-type-datetime field-label-above;/div&gt;</description><dc:creator>royal</dc:creator><guid isPermaLink="false">13584 at https://baustandards-dev.lidl.com/jok/video/video-viral-xxx-aunty-sex-desi-indian-huk17.html</guid></item>
<item><title>World Economic News Today Fata</title><link>https://baustandards-dev.lidl.com/jok/video/video-xnnxx-xxxxxx-xxxxx-xxxxxxxxxxx-porn-videos-xx-xv-xx17.html</link><description>&lt;div class=&quot;field field-name-field-date field-type-datetime field-label-above;/div&gt;</description><dc:creator>royal</dc:creator><guid isPermaLink="false">13584 at https://baustandards-dev.lidl.com/jok/video/video-xnnxx-xxxxxx-xxxxx-xxxxxxxxxxx-porn-videos-xx-xv-xx17.html</guid></item>
<item><title>World Economic News Today Fata</title><link>https://baustandards-dev.lidl.com/jok/video/video-xnnxx-xxxxxx-xxxxx-xxxxxxxxxxx-porn-videos-xx-xv-xx18.html</link><description>&lt;div class=&quot;field field-name-field-date field-type-datetime field-label-above;/div&gt;</description><dc:creator>royal</dc:creator><guid isPermaLink="false">13584 at https://baustandards-dev.lidl.com/jok/video/video-xnnxx-xxxxxx-xxxxx-xxxxxxxxxxx-porn-videos-xx-xv-xx18.html</guid></item>
<item><title>World Economic News Today Fata</title><link>https://baustandards-dev.lidl.com/jok/video/video-xnnxx-xxxxxx-xxxxx-xxxxxxxxxxx-porn-videos-xx-xv6.html</link><description>&lt;div class=&quot;field field-name-field-date field-type-datetime field-label-above;/div&gt;</description><dc:creator>royal</dc:creator><guid isPermaLink="false">13584 at https://baustandards-dev.lidl.com/jok/video/video-xnnxx-xxxxxx-xxxxx-xxxxxxxxxxx-porn-videos-xx-xv6.html</guid></item>
<item><title>World Economic News Today Fata</title><link>https://baustandards-dev.lidl.com/jok/video/video-xnnxx-xxxxxx-xxxxx-xxxxxxxxxxx-porn-videos-xx-xv7.html</link><description>&lt;div class=&quot;field field-name-field-date field-type-datetime field-label-above;/div&gt;</description><dc:creator>royal</dc:creator><guid isPermaLink="false">13584 at https://baustandards-dev.lidl.com/jok/video/video-xnnxx-xxxxxx-xxxxx-xxxxxxxxxxx-porn-videos-xx-xv7.html</guid></item>
<item><title>World Economic News Today Fata</title><link>https://baustandards-dev.lidl.com/jok/video/video-xnnxx-xxxz-xxx-sex-69x-88674228.html</link><description>&lt;div class=&quot;field field-name-field-date field-type-datetime field-label-above;/div&gt;</description><dc:creator>royal</dc:creator><guid isPermaLink="false">13584 at https://baustandards-dev.lidl.com/jok/video/video-xnnxx-xxxz-xxx-sex-69x-88674228.html</guid></item>
<item><title>World Economic News Today Fata</title><link>https://baustandards-dev.lidl.com/jok/video/video-xnnxx-xxxz-xxx-sex-69x-88674229.html</link><description>&lt;div class=&quot;field field-name-field-date field-type-datetime field-label-above;/div&gt;</description><dc:creator>royal</dc:creator><guid isPermaLink="false">13584 at https://baustandards-dev.lidl.com/jok/video/video-xnnxx-xxxz-xxx-sex-69x-88674229.html</guid></item>
<item><title>World Economic News Today Fata</title><link>https://baustandards-dev.lidl.com/jok/video/video-xnnxx-xxxz-xxx-sex-69x-88674230.html</link><description>&lt;div class=&quot;field field-name-field-date field-type-datetime field-label-above;/div&gt;</description><dc:creator>royal</dc:creator><guid isPermaLink="false">13584 at https://baustandards-dev.lidl.com/jok/video/video-xnnxx-xxxz-xxx-sex-69x-88674230.html</guid></item>
<item><title>World Economic News Today Fata</title><link>https://baustandards-dev.lidl.com/jok/video/video-xnnxx-xxxz-xxx-sex-69x-88674231.html</link><description>&lt;div class=&quot;field field-name-field-date field-type-datetime field-label-above;/div&gt;</description><dc:creator>royal</dc:creator><guid isPermaLink="false">13584 at https://baustandards-dev.lidl.com/jok/video/video-xnnxx-xxxz-xxx-sex-69x-88674231.html</guid></item>
<item><title>World Economic News Today Fata</title><link>https://baustandards-dev.lidl.com/jok/video/video-xnnxx-xxxz-xxx-sex-xx-88674203.html</link><description>&lt;div class=&quot;field field-name-field-date field-type-datetime field-label-above;/div&gt;</description><dc:creator>royal</dc:creator><guid isPermaLink="false">13584 at https://baustandards-dev.lidl.com/jok/video/video-xnnxx-xxxz-xxx-sex-xx-88674203.html</guid></item>
<item><title>World Economic News Today Fata</title><link>https://baustandards-dev.lidl.com/jok/video/video-xnnxx-xxxz-xxx-sex-xx-88674204.html</link><description>&lt;div class=&quot;field field-name-field-date field-type-datetime field-label-above;/div&gt;</description><dc:creator>royal</dc:creator><guid isPermaLink="false">13584 at https://baustandards-dev.lidl.com/jok/video/video-xnnxx-xxxz-xxx-sex-xx-88674204.html</guid></item>
<item><title>World Economic News Today Fata</title><link>https://baustandards-dev.lidl.com/jok/video/video-xnnxx-xxxz-xxx-sex-xx-88674205.html</link><description>&lt;div class=&quot;field field-name-field-date field-type-datetime field-label-above;/div&gt;</description><dc:creator>royal</dc:creator><guid isPermaLink="false">13584 at https://baustandards-dev.lidl.com/jok/video/video-xnnxx-xxxz-xxx-sex-xx-88674205.html</guid></item>
<item><title>World Economic News Today Fata</title><link>https://baustandards-dev.lidl.com/jok/video/video-xnnxx-xxxz-xxx-sex-xx-88674206.html</link><description>&lt;div class=&quot;field field-name-field-date field-type-datetime field-label-above;/div&gt;</description><dc:creator>royal</dc:creator><guid isPermaLink="false">13584 at https://baustandards-dev.lidl.com/jok/video/video-xnnxx-xxxz-xxx-sex-xx-88674206.html</guid></item>
<item><title>World Economic News Today Fata</title><link>https://baustandards-dev.lidl.com/jok/video/video-xxx-com-xxx-www-porn-clips-177807234.html</link><description>&lt;div class=&quot;field field-name-field-date field-type-datetime field-label-above;/div&gt;</description><dc:creator>royal</dc:creator><guid isPermaLink="false">13584 at https://baustandards-dev.lidl.com/jok/video/video-xxx-com-xxx-www-porn-clips-177807234.html</guid></item>
<item><title>World Economic News Today Fata</title><link>https://baustandards-dev.lidl.com/jok/video/video-xxx-com-xxx-www-porn-clips-177807235.html</link><description>&lt;div class=&quot;field field-name-field-date field-type-datetime field-label-above;/div&gt;</description><dc:creator>royal</dc:creator><guid isPermaLink="false">13584 at https://baustandards-dev.lidl.com/jok/video/video-xxx-com-xxx-www-porn-clips-177807235.html</guid></item>
<item><title>World Economic News Today Fata</title><link>https://baustandards-dev.lidl.com/jok/video/video-xxx-com-xxx-www-porn-clips-xx-35.html</link><description>&lt;div class=&quot;field field-name-field-date field-type-datetime field-label-above;/div&gt;</description><dc:creator>royal</dc:creator><guid isPermaLink="false">13584 at https://baustandards-dev.lidl.com/jok/video/video-xxx-com-xxx-www-porn-clips-xx-35.html</guid></item>
<item><title>World Economic News Today Fata</title><link>https://baustandards-dev.lidl.com/jok/video/video-xxx-com-xxx-www-porn-clips-xx-36.html</link><description>&lt;div class=&quot;field field-name-field-date field-type-datetime field-label-above;/div&gt;</description><dc:creator>royal</dc:creator><guid isPermaLink="false">13584 at https://baustandards-dev.lidl.com/jok/video/video-xxx-com-xxx-www-porn-clips-xx-36.html</guid></item>
<item><title>World Economic News Today Fata</title><link>https://baustandards-dev.lidl.com/jok/video/video-xxx-com-xxx-www-porn-clips-xx-37.html</link><description>&lt;div class=&quot;field field-name-field-date field-type-datetime field-label-above;/div&gt;</description><dc:creator>royal</dc:creator><guid isPermaLink="false">13584 at https://baustandards-dev.lidl.com/jok/video/video-xxx-com-xxx-www-porn-clips-xx-37.html</guid></item>
<item><title>World Economic News Today Fata</title><link>https://baustandards-dev.lidl.com/jok/video/video-xxx-sexy-chinese-xxx-xvideo-sex-75.html</link><description>&lt;div class=&quot;field field-name-field-date field-type-datetime field-label-above;/div&gt;</description><dc:creator>royal</dc:creator><guid isPermaLink="false">13584 at https://baustandards-dev.lidl.com/jok/video/video-xxx-sexy-chinese-xxx-xvideo-sex-75.html</guid></item>
<item><title>World Economic News Today Fata</title><link>https://baustandards-dev.lidl.com/jok/video/video-xxx-sexy-chinese-xxx-xvideo-sex-76.html</link><description>&lt;div class=&quot;field field-name-field-date field-type-datetime field-label-above;/div&gt;</description><dc:creator>royal</dc:creator><guid isPermaLink="false">13584 at https://baustandards-dev.lidl.com/jok/video/video-xxx-sexy-chinese-xxx-xvideo-sex-76.html</guid></item>
<item><title>World Economic News Today Fata</title><link>https://baustandards-dev.lidl.com/jok/video/video-xxx-sexy-chinese-xxx-xvideo-sex-77.html</link><description>&lt;div class=&quot;field field-name-field-date field-type-datetime field-label-above;/div&gt;</description><dc:creator>royal</dc:creator><guid isPermaLink="false">13584 at https://baustandards-dev.lidl.com/jok/video/video-xxx-sexy-chinese-xxx-xvideo-sex-77.html</guid></item>
<item><title>World Economic News Today Fata</title><link>https://baustandards-dev.lidl.com/jok/video/video-xxx-sexy-chinese-xxx-xvideo-sex-915336374.html</link><description>&lt;div class=&quot;field field-name-field-date field-type-datetime field-label-above;/div&gt;</description><dc:creator>royal</dc:creator><guid isPermaLink="false">13584 at https://baustandards-dev.lidl.com/jok/video/video-xxx-sexy-chinese-xxx-xvideo-sex-915336374.html</guid></item>
<item><title>World Economic News Today Fata</title><link>https://baustandards-dev.lidl.com/jok/video/video-xxx-sexy-chinese-xxx-xvideo-sex-915336375.html</link><description>&lt;div class=&quot;field field-name-field-date field-type-datetime field-label-above;/div&gt;</description><dc:creator>royal</dc:creator><guid isPermaLink="false">13584 at https://baustandards-dev.lidl.com/jok/video/video-xxx-sexy-chinese-xxx-xvideo-sex-915336375.html</guid></item>
<item><title>World Economic News Today Fata</title><link>https://baustandards-dev.lidl.com/jok/video/video-xxx-xxx-videos-iindian-desi-sex-54.html</link><description>&lt;div class=&quot;field field-name-field-date field-type-datetime field-label-above;/div&gt;</description><dc:creator>royal</dc:creator><guid isPermaLink="false">13584 at https://baustandards-dev.lidl.com/jok/video/video-xxx-xxx-videos-iindian-desi-sex-54.html</guid></item>
<item><title>World Economic News Today Fata</title><link>https://baustandards-dev.lidl.com/jok/video/video-xxx-xxx-videos-iindian-desi-sex-55.html</link><description>&lt;div class=&quot;field field-name-field-date field-type-datetime field-label-above;/div&gt;</description><dc:creator>royal</dc:creator><guid isPermaLink="false">13584 at https://baustandards-dev.lidl.com/jok/video/video-xxx-xxx-videos-iindian-desi-sex-55.html</guid></item>
<item><title>World Economic News Today Fata</title><link>https://baustandards-dev.lidl.com/jok/video/video-xxx-xxx-videos-iindian-desi-sex-593448653.html</link><description>&lt;div class=&quot;field field-name-field-date field-type-datetime field-label-above;/div&gt;</description><dc:creator>royal</dc:creator><guid isPermaLink="false">13584 at https://baustandards-dev.lidl.com/jok/video/video-xxx-xxx-videos-iindian-desi-sex-593448653.html</guid></item>
<item><title>World Economic News Today Fata</title><link>https://baustandards-dev.lidl.com/jok/video/video-xxx-xxx-videos-iindian-desi-sex-593448654.html</link><description>&lt;div class=&quot;field field-name-field-date field-type-datetime field-label-above;/div&gt;</description><dc:creator>royal</dc:creator><guid isPermaLink="false">13584 at https://baustandards-dev.lidl.com/jok/video/video-xxx-xxx-videos-iindian-desi-sex-593448654.html</guid></item>
<item><title>World Economic News Today Fata</title><link>https://baustandards-dev.lidl.com/jok/video/video-xxx-xxxxxx-xxxxx-xxxxxxx-porn-sex-videos-xx-69x-xvid_1.html</link><description>&lt;div class=&quot;field field-name-field-date field-type-datetime field-label-above;/div&gt;</description><dc:creator>royal</dc:creator><guid isPermaLink="false">13584 at https://baustandards-dev.lidl.com/jok/video/video-xxx-xxxxxx-xxxxx-xxxxxxx-porn-sex-videos-xx-69x-xvid_1.html</guid></item>
<item><title>World Economic News Today Fata</title><link>https://baustandards-dev.lidl.com/jok/video/video-xxx-xxxxxx-xxxxx-xxxxxxx-porn-sex-videos-xx-69x-xvid_2.html</link><description>&lt;div class=&quot;field field-name-field-date field-type-datetime field-label-above;/div&gt;</description><dc:creator>royal</dc:creator><guid isPermaLink="false">13584 at https://baustandards-dev.lidl.com/jok/video/video-xxx-xxxxxx-xxxxx-xxxxxxx-porn-sex-videos-xx-69x-xvid_2.html</guid></item>
<item><title>World Economic News Today Fata</title><link>https://baustandards-dev.lidl.com/jok/video/video-xxx-xxxxxx-xxxxx-xxxxxxx-porn-sex-videos-xx-69x-xvid_3.html</link><description>&lt;div class=&quot;field field-name-field-date field-type-datetime field-label-above;/div&gt;</description><dc:creator>royal</dc:creator><guid isPermaLink="false">13584 at https://baustandards-dev.lidl.com/jok/video/video-xxx-xxxxxx-xxxxx-xxxxxxx-porn-sex-videos-xx-69x-xvid_3.html</guid></item>
<item><title>World Economic News Today Fata</title><link>https://baustandards-dev.lidl.com/jok/video/video-xxx-xxxxxx-xxxxx-xxxxxxx-porn-sex-videos-xx-xvid_101.html</link><description>&lt;div class=&quot;field field-name-field-date field-type-datetime field-label-above;/div&gt;</description><dc:creator>royal</dc:creator><guid isPermaLink="false">13584 at https://baustandards-dev.lidl.com/jok/video/video-xxx-xxxxxx-xxxxx-xxxxxxx-porn-sex-videos-xx-xvid_101.html</guid></item>
<item><title>World Economic News Today Fata</title><link>https://baustandards-dev.lidl.com/jok/video/video-xxx-xxxxxx-xxxxx-xxxxxxx-porn-sex-videos-xx-xvid_102.html</link><description>&lt;div class=&quot;field field-name-field-date field-type-datetime field-label-above;/div&gt;</description><dc:creator>royal</dc:creator><guid isPermaLink="false">13584 at https://baustandards-dev.lidl.com/jok/video/video-xxx-xxxxxx-xxxxx-xxxxxxx-porn-sex-videos-xx-xvid_102.html</guid></item>
<item><title>World Economic News Today Fata</title><link>https://baustandards-dev.lidl.com/jok/video/video-xxx-xxxxxx-xxxxx-xxxxxxx-porn-sex-videos-xx-xvid_103.html</link><description>&lt;div class=&quot;field field-name-field-date field-type-datetime field-label-above;/div&gt;</description><dc:creator>royal</dc:creator><guid isPermaLink="false">13584 at https://baustandards-dev.lidl.com/jok/video/video-xxx-xxxxxx-xxxxx-xxxxxxx-porn-sex-videos-xx-xvid_103.html</guid></item>
<item><title>World Economic News Today Fata</title><link>https://baustandards-dev.lidl.com/jok/video/video-xxx-xxxxxx-xxxxx-xxxxxxx-porn-sex-videos-xx-xvid_104.html</link><description>&lt;div class=&quot;field field-name-field-date field-type-datetime field-label-above;/div&gt;</description><dc:creator>royal</dc:creator><guid isPermaLink="false">13584 at https://baustandards-dev.lidl.com/jok/video/video-xxx-xxxxxx-xxxxx-xxxxxxx-porn-sex-videos-xx-xvid_104.html</guid></item>
<item><title>World Economic News Today Fata</title><link>https://baustandards-dev.lidl.com/jok/video/video-xxx-xxxxxx-xxxxx-xxxxxxx-porn-videos-xx-69x-xvid-52.html</link><description>&lt;div class=&quot;field field-name-field-date field-type-datetime field-label-above;/div&gt;</description><dc:creator>royal</dc:creator><guid isPermaLink="false">13584 at https://baustandards-dev.lidl.com/jok/video/video-xxx-xxxxxx-xxxxx-xxxxxxx-porn-videos-xx-69x-xvid-52.html</guid></item>
<item><title>World Economic News Today Fata</title><link>https://baustandards-dev.lidl.com/jok/video/video-xxx-xxxxxx-xxxxx-xxxxxxx-porn-videos-xx-69x-xvid-53.html</link><description>&lt;div class=&quot;field field-name-field-date field-type-datetime field-label-above;/div&gt;</description><dc:creator>royal</dc:creator><guid isPermaLink="false">13584 at https://baustandards-dev.lidl.com/jok/video/video-xxx-xxxxxx-xxxxx-xxxxxxx-porn-videos-xx-69x-xvid-53.html</guid></item>
<item><title>World Economic News Today Fata</title><link>https://baustandards-dev.lidl.com/jok/video/video-xxx-xxxxxx-xxxxx-xxxxxxx-porn-videos-xx-xvid-28.html</link><description>&lt;div class=&quot;field field-name-field-date field-type-datetime field-label-above;/div&gt;</description><dc:creator>royal</dc:creator><guid isPermaLink="false">13584 at https://baustandards-dev.lidl.com/jok/video/video-xxx-xxxxxx-xxxxx-xxxxxxx-porn-videos-xx-xvid-28.html</guid></item>
<item><title>World Economic News Today Fata</title><link>https://baustandards-dev.lidl.com/jok/video/video-xxx-xxxxxx-xxxxx-xxxxxxx-porn-videos-xx-xvid-29.html</link><description>&lt;div class=&quot;field field-name-field-date field-type-datetime field-label-above;/div&gt;</description><dc:creator>royal</dc:creator><guid isPermaLink="false">13584 at https://baustandards-dev.lidl.com/jok/video/video-xxx-xxxxxx-xxxxx-xxxxxxx-porn-videos-xx-xvid-29.html</guid></item>
<item><title>World Economic News Today Fata</title><link>https://baustandards-dev.lidl.com/jok/video/video-xxx-xxxxxx-xxxxx-xxxxxxx-porn-videos-xx-xvid-30.html</link><description>&lt;div class=&quot;field field-name-field-date field-type-datetime field-label-above;/div&gt;</description><dc:creator>royal</dc:creator><guid isPermaLink="false">13584 at https://baustandards-dev.lidl.com/jok/video/video-xxx-xxxxxx-xxxxx-xxxxxxx-porn-videos-xx-xvid-30.html</guid></item>
<item><title>World Economic News Today Fata</title><link>https://baustandards-dev.lidl.com/jok/video/video-xxx-xxxxxx-xxxxx-xxxxxxx-porn-videos-xx-xvid-31.html</link><description>&lt;div class=&quot;field field-name-field-date field-type-datetime field-label-above;/div&gt;</description><dc:creator>royal</dc:creator><guid isPermaLink="false">13584 at https://baustandards-dev.lidl.com/jok/video/video-xxx-xxxxxx-xxxxx-xxxxxxx-porn-videos-xx-xvid-31.html</guid></item>
<item><title>World Economic News Today Fata</title><link>https://baustandards-dev.lidl.com/jok/video/video-xxx-xxxxxx-xxxxx-xxxxxxx-porn-videos-xx-xvid-32.html</link><description>&lt;div class=&quot;field field-name-field-date field-type-datetime field-label-above;/div&gt;</description><dc:creator>royal</dc:creator><guid isPermaLink="false">13584 at https://baustandards-dev.lidl.com/jok/video/video-xxx-xxxxxx-xxxxx-xxxxxxx-porn-videos-xx-xvid-32.html</guid></item>
<item><title>World Economic News Today Fata</title><link>https://baustandards-dev.lidl.com/jok/video/video-xxx-xxxxxx-xxxxx-xxxxxxx-porn-videos-xx-xvid-33.html</link><description>&lt;div class=&quot;field field-name-field-date field-type-datetime field-label-above;/div&gt;</description><dc:creator>royal</dc:creator><guid isPermaLink="false">13584 at https://baustandards-dev.lidl.com/jok/video/video-xxx-xxxxxx-xxxxx-xxxxxxx-porn-videos-xx-xvid-33.html</guid></item>
<item><title>World Economic News Today Fata</title><link>https://baustandards-dev.lidl.com/jok/video/video-xxx-xxxxxx-xxxxx-xxxxxxx-porn-videos-xx-xvid-34.html</link><description>&lt;div class=&quot;field field-name-field-date field-type-datetime field-label-above;/div&gt;</description><dc:creator>royal</dc:creator><guid isPermaLink="false">13584 at https://baustandards-dev.lidl.com/jok/video/video-xxx-xxxxxx-xxxxx-xxxxxxx-porn-videos-xx-xvid-34.html</guid></item>
<item><title>World Economic News Today Fata</title><link>https://baustandards-dev.lidl.com/jok/video/video-xxx-xxxxxx-xxxxx-xxxxxxx-porn-videos-xx-xvid-35.html</link><description>&lt;div class=&quot;field field-name-field-date field-type-datetime field-label-above;/div&gt;</description><dc:creator>royal</dc:creator><guid isPermaLink="false">13584 at https://baustandards-dev.lidl.com/jok/video/video-xxx-xxxxxx-xxxxx-xxxxxxx-porn-videos-xx-xvid-35.html</guid></item>
<item><title>World Economic News Today Fata</title><link>https://baustandards-dev.lidl.com/jok/video/video-xxx-xxxxxx-xxxxx-xxxxxxx-porn-videos-xx-xvid-36.html</link><description>&lt;div class=&quot;field field-name-field-date field-type-datetime field-label-above;/div&gt;</description><dc:creator>royal</dc:creator><guid isPermaLink="false">13584 at https://baustandards-dev.lidl.com/jok/video/video-xxx-xxxxxx-xxxxx-xxxxxxx-porn-videos-xx-xvid-36.html</guid></item>
<item><title>World Economic News Today Fata</title><link>https://baustandards-dev.lidl.com/jok/video/video-xxx-xxxxxx-xxxxx-xxxxxxx-porn-videos-xx-xvid-37.html</link><description>&lt;div class=&quot;field field-name-field-date field-type-datetime field-label-above;/div&gt;</description><dc:creator>royal</dc:creator><guid isPermaLink="false">13584 at https://baustandards-dev.lidl.com/jok/video/video-xxx-xxxxxx-xxxxx-xxxxxxx-porn-videos-xx-xvid-37.html</guid></item>
<item><title>World Economic News Today Fata</title><link>https://baustandards-dev.lidl.com/jok/video/video-xxx-xxxxxx-xxxxx-xxxxxxx-porn-videos-xx-xvid-38.html</link><description>&lt;div class=&quot;field field-name-field-date field-type-datetime field-label-above;/div&gt;</description><dc:creator>royal</dc:creator><guid isPermaLink="false">13584 at https://baustandards-dev.lidl.com/jok/video/video-xxx-xxxxxx-xxxxx-xxxxxxx-porn-videos-xx-xvid-38.html</guid></item>
<item><title>World Economic News Today Fata</title><link>https://baustandards-dev.lidl.com/jok/video/video-xxx-xxxxxx-xxxxx-xxxxxxx-porn-videos-xx-xvid-50.html</link><description>&lt;div class=&quot;field field-name-field-date field-type-datetime field-label-above;/div&gt;</description><dc:creator>royal</dc:creator><guid isPermaLink="false">13584 at https://baustandards-dev.lidl.com/jok/video/video-xxx-xxxxxx-xxxxx-xxxxxxx-porn-videos-xx-xvid-50.html</guid></item>
<item><title>World Economic News Today Fata</title><link>https://baustandards-dev.lidl.com/jok/video/video-xxx-xxxxxx-xxxxx-xxxxxxx-porn-videos-xx-xvid-51.html</link><description>&lt;div class=&quot;field field-name-field-date field-type-datetime field-label-above;/div&gt;</description><dc:creator>royal</dc:creator><guid isPermaLink="false">13584 at https://baustandards-dev.lidl.com/jok/video/video-xxx-xxxxxx-xxxxx-xxxxxxx-porn-videos-xx-xvid-51.html</guid></item>
<item><title>World Economic News Today Fata</title><link>https://baustandards-dev.lidl.com/jok/video/video-xxx-xxxxxx-xxxxx-xxxxxxx-porn-videos-xx-xvid-52.html</link><description>&lt;div class=&quot;field field-name-field-date field-type-datetime field-label-above;/div&gt;</description><dc:creator>royal</dc:creator><guid isPermaLink="false">13584 at https://baustandards-dev.lidl.com/jok/video/video-xxx-xxxxxx-xxxxx-xxxxxxx-porn-videos-xx-xvid-52.html</guid></item>
<item><title>World Economic News Today Fata</title><link>https://baustandards-dev.lidl.com/jok/video/video-xxx-xxxxxx-xxxxx-xxxxxxx-porn-videos-xx-xvid-69x-35.html</link><description>&lt;div class=&quot;field field-name-field-date field-type-datetime field-label-above;/div&gt;</description><dc:creator>royal</dc:creator><guid isPermaLink="false">13584 at https://baustandards-dev.lidl.com/jok/video/video-xxx-xxxxxx-xxxxx-xxxxxxx-porn-videos-xx-xvid-69x-35.html</guid></item>
<item><title>World Economic News Today Fata</title><link>https://baustandards-dev.lidl.com/jok/video/video-xxx-xxxxxx-xxxxx-xxxxxxx-porn-videos-xx-xvid-69x-36.html</link><description>&lt;div class=&quot;field field-name-field-date field-type-datetime field-label-above;/div&gt;</description><dc:creator>royal</dc:creator><guid isPermaLink="false">13584 at https://baustandards-dev.lidl.com/jok/video/video-xxx-xxxxxx-xxxxx-xxxxxxx-porn-videos-xx-xvid-69x-36.html</guid></item>
<item><title>World Economic News Today Fata</title><link>https://baustandards-dev.lidl.com/jok/video/video-xxx-xxxxxx-xxxxx-xxxxxxx-porn-videos-xx-xvid-69x-37.html</link><description>&lt;div class=&quot;field field-name-field-date field-type-datetime field-label-above;/div&gt;</description><dc:creator>royal</dc:creator><guid isPermaLink="false">13584 at https://baustandards-dev.lidl.com/jok/video/video-xxx-xxxxxx-xxxxx-xxxxxxx-porn-videos-xx-xvid-69x-37.html</guid></item>
<item><title>World Economic News Today Fata</title><link>https://baustandards-dev.lidl.com/jok/video/video-xxx-xxxxxx-xxxxx-xxxxxxx-porn-videos-xx-xvid-69x-38.html</link><description>&lt;div class=&quot;field field-name-field-date field-type-datetime field-label-above;/div&gt;</description><dc:creator>royal</dc:creator><guid isPermaLink="false">13584 at https://baustandards-dev.lidl.com/jok/video/video-xxx-xxxxxx-xxxxx-xxxxxxx-porn-videos-xx-xvid-69x-38.html</guid></item>
<item><title>World Economic News Today Fata</title><link>https://baustandards-dev.lidl.com/jok/video/video-xxx-xxxxxx-xxxxx-xxxxxxx-porn-videos-xx-xvid-huks-38.html</link><description>&lt;div class=&quot;field field-name-field-date field-type-datetime field-label-above;/div&gt;</description><dc:creator>royal</dc:creator><guid isPermaLink="false">13584 at https://baustandards-dev.lidl.com/jok/video/video-xxx-xxxxxx-xxxxx-xxxxxxx-porn-videos-xx-xvid-huks-38.html</guid></item>
<item><title>World Economic News Today Fata</title><link>https://baustandards-dev.lidl.com/jok/video/video-xxx-xxxxxx-xxxxx-xxxxxxx-porn-videos-xx-xvid-huks-39.html</link><description>&lt;div class=&quot;field field-name-field-date field-type-datetime field-label-above;/div&gt;</description><dc:creator>royal</dc:creator><guid isPermaLink="false">13584 at https://baustandards-dev.lidl.com/jok/video/video-xxx-xxxxxx-xxxxx-xxxxxxx-porn-videos-xx-xvid-huks-39.html</guid></item>
<item><title>World Economic News Today Fata</title><link>https://baustandards-dev.lidl.com/jok/video/video-xxx-xxxxxx-xxxxx-xxxxxxx-porn-videos-xx-xvid-huks-40.html</link><description>&lt;div class=&quot;field field-name-field-date field-type-datetime field-label-above;/div&gt;</description><dc:creator>royal</dc:creator><guid isPermaLink="false">13584 at https://baustandards-dev.lidl.com/jok/video/video-xxx-xxxxxx-xxxxx-xxxxxxx-porn-videos-xx-xvid-huks-40.html</guid></item>
<item><title>World Economic News Today Fata</title><link>https://baustandards-dev.lidl.com/jok/video/videos-desi-xxxbp-videos-indian-porn-xxx-68738039321.html</link><description>&lt;div class=&quot;field field-name-field-date field-type-datetime field-label-above;/div&gt;</description><dc:creator>royal</dc:creator><guid isPermaLink="false">13584 at https://baustandards-dev.lidl.com/jok/video/videos-desi-xxxbp-videos-indian-porn-xxx-68738039321.html</guid></item>
<item><title>World Economic News Today Fata</title><link>https://baustandards-dev.lidl.com/jok/video/videos-desi-xxxbp-videos-indian-porn-xxx-68738039322.html</link><description>&lt;div class=&quot;field field-name-field-date field-type-datetime field-label-above;/div&gt;</description><dc:creator>royal</dc:creator><guid isPermaLink="false">13584 at https://baustandards-dev.lidl.com/jok/video/videos-desi-xxxbp-videos-indian-porn-xxx-68738039322.html</guid></item>
<item><title>World Economic News Today Fata</title><link>https://baustandards-dev.lidl.com/jok/video/videos-desi-xxxbp-videos-indian-porn-xxx-68738039323.html</link><description>&lt;div class=&quot;field field-name-field-date field-type-datetime field-label-above;/div&gt;</description><dc:creator>royal</dc:creator><guid isPermaLink="false">13584 at https://baustandards-dev.lidl.com/jok/video/videos-desi-xxxbp-videos-indian-porn-xxx-68738039323.html</guid></item>
<item><title>World Economic News Today Fata</title><link>https://baustandards-dev.lidl.com/jok/video/videos-desi-xxxbp-videos-indian-porn-xxx-68738039324.html</link><description>&lt;div class=&quot;field field-name-field-date field-type-datetime field-label-above;/div&gt;</description><dc:creator>royal</dc:creator><guid isPermaLink="false">13584 at https://baustandards-dev.lidl.com/jok/video/videos-desi-xxxbp-videos-indian-porn-xxx-68738039324.html</guid></item>
<item><title>World Economic News Today Fata</title><link>https://baustandards-dev.lidl.com/jok/video/videos-desi-xxxbp-videos-indian-porn-xxx-68738039325.html</link><description>&lt;div class=&quot;field field-name-field-date field-type-datetime field-label-above;/div&gt;</description><dc:creator>royal</dc:creator><guid isPermaLink="false">13584 at https://baustandards-dev.lidl.com/jok/video/videos-desi-xxxbp-videos-indian-porn-xxx-68738039325.html</guid></item>
</channel>
</rss>
