<?xml version="1.0" encoding="UTF-8"?>
<rss xmlns:dc="http://purl.org/dc/elements/0.9/" version="2.0" xml:base="https://stargate.bmi.stonybrook.edu/hox/video/">
<channel>
<title>stargate.bmi.stonybrook.edu</title>
<link>https://stargate.bmi.stonybrook.edu/hox/video/</link>
<description/>

<item><title>watch stargate bmi stonybrook eduhoxvideo streaming online</title><link>https://stargate.bmi.stonybrook.edu/hox/video/video-bvbfgvdsjd-phim-xnxx-sex-videos-xhmstar_202541806.html</link><description>&lt;div class=&quot;field field-name-field-date field-type-datetime field-label-above;/div&gt;</description><dc:creator>royal</dc:creator><guid isPermaLink="false">13584 at https://stargate.bmi.stonybrook.edu/hox/video/video-bvbfgvdsjd-phim-xnxx-sex-videos-xhmstar_202541806.html</guid></item>
<item><title>watch stargate bmi stonybrook eduhoxvideo streaming online</title><link>https://stargate.bmi.stonybrook.edu/hox/video/video-dfgfgvietnamaideo-fd-xxx-sex-vid-xhmstar_202541858.html</link><description>&lt;div class=&quot;field field-name-field-date field-type-datetime field-label-above;/div&gt;</description><dc:creator>royal</dc:creator><guid isPermaLink="false">13584 at https://stargate.bmi.stonybrook.edu/hox/video/video-dfgfgvietnamaideo-fd-xxx-sex-vid-xhmstar_202541858.html</guid></item>
<item><title>watch stargate bmi stonybrook eduhoxvideo streaming online</title><link>https://stargate.bmi.stonybrook.edu/hox/video/video-bvbfgvdsjd-phim-xnxx-sex-videos-xhmstar_202541809.html</link><description>&lt;div class=&quot;field field-name-field-date field-type-datetime field-label-above;/div&gt;</description><dc:creator>royal</dc:creator><guid isPermaLink="false">13584 at https://stargate.bmi.stonybrook.edu/hox/video/video-bvbfgvdsjd-phim-xnxx-sex-videos-xhmstar_202541809.html</guid></item>
<item><title>watch stargate bmi stonybrook eduhoxvideo streaming online</title><link>https://stargate.bmi.stonybrook.edu/hox/video/video-dfgfgvietnamaideo-fd-xxx-sex-vid-xhmstar_202541842.html</link><description>&lt;div class=&quot;field field-name-field-date field-type-datetime field-label-above;/div&gt;</description><dc:creator>royal</dc:creator><guid isPermaLink="false">13584 at https://stargate.bmi.stonybrook.edu/hox/video/video-dfgfgvietnamaideo-fd-xxx-sex-vid-xhmstar_202541842.html</guid></item>
<item><title>watch stargate bmi stonybrook eduhoxvideo streaming online</title><link>https://stargate.bmi.stonybrook.edu/hox/video/video-vbnbcgdx-phim-mien-sexx-xhmstar_202541807.html</link><description>&lt;div class=&quot;field field-name-field-date field-type-datetime field-label-above;/div&gt;</description><dc:creator>royal</dc:creator><guid isPermaLink="false">13584 at https://stargate.bmi.stonybrook.edu/hox/video/video-vbnbcgdx-phim-mien-sexx-xhmstar_202541807.html</guid></item>
<item><title>watch stargate bmi stonybrook eduhoxvideo streaming online</title><link>https://stargate.bmi.stonybrook.edu/hox/video/video-axvdf-sex-mien-phi-sex-videos-xhmstar_202541804.html</link><description>&lt;div class=&quot;field field-name-field-date field-type-datetime field-label-above;/div&gt;</description><dc:creator>royal</dc:creator><guid isPermaLink="false">13584 at https://stargate.bmi.stonybrook.edu/hox/video/video-axvdf-sex-mien-phi-sex-videos-xhmstar_202541804.html</guid></item>
<item><title>watch stargate bmi stonybrook eduhoxvideo streaming online</title><link>https://stargate.bmi.stonybrook.edu/hox/video/video-bvbfgvdsjd-phim-xnxx-sex-videos-xhmstar_202541802.html</link><description>&lt;div class=&quot;field field-name-field-date field-type-datetime field-label-above;/div&gt;</description><dc:creator>royal</dc:creator><guid isPermaLink="false">13584 at https://stargate.bmi.stonybrook.edu/hox/video/video-bvbfgvdsjd-phim-xnxx-sex-videos-xhmstar_202541802.html</guid></item>
<item><title>watch stargate bmi stonybrook eduhoxvideo streaming online</title><link>https://stargate.bmi.stonybrook.edu/hox/video/video-dfgfgvietnamaideo-fd-xxx-sex-vid-xhmstar_202541844.html</link><description>&lt;div class=&quot;field field-name-field-date field-type-datetime field-label-above;/div&gt;</description><dc:creator>royal</dc:creator><guid isPermaLink="false">13584 at https://stargate.bmi.stonybrook.edu/hox/video/video-dfgfgvietnamaideo-fd-xxx-sex-vid-xhmstar_202541844.html</guid></item>
<item><title>watch stargate bmi stonybrook eduhoxvideo streaming online</title><link>https://stargate.bmi.stonybrook.edu/hox/video/video-dfgfgvietnamaideo-fd-xxx-sex-vid-xhmstar_202541824.html</link><description>&lt;div class=&quot;field field-name-field-date field-type-datetime field-label-above;/div&gt;</description><dc:creator>royal</dc:creator><guid isPermaLink="false">13584 at https://stargate.bmi.stonybrook.edu/hox/video/video-dfgfgvietnamaideo-fd-xxx-sex-vid-xhmstar_202541824.html</guid></item>
<item><title>watch stargate bmi stonybrook eduhoxvideo streaming online</title><link>https://stargate.bmi.stonybrook.edu/hox/video/video-fxdvfdxzfs-phim-sex-videos-xhmstar_202541806.html</link><description>&lt;div class=&quot;field field-name-field-date field-type-datetime field-label-above;/div&gt;</description><dc:creator>royal</dc:creator><guid isPermaLink="false">13584 at https://stargate.bmi.stonybrook.edu/hox/video/video-fxdvfdxzfs-phim-sex-videos-xhmstar_202541806.html</guid></item>
<item><title>watch stargate bmi stonybrook eduhoxvideo streaming online</title><link>https://stargate.bmi.stonybrook.edu/hox/video/video-dfgfgvietnamaideo-fd-xxx-sex-vid-xhmstar_202541850.html</link><description>&lt;div class=&quot;field field-name-field-date field-type-datetime field-label-above;/div&gt;</description><dc:creator>royal</dc:creator><guid isPermaLink="false">13584 at https://stargate.bmi.stonybrook.edu/hox/video/video-dfgfgvietnamaideo-fd-xxx-sex-vid-xhmstar_202541850.html</guid></item>
<item><title>watch stargate bmi stonybrook eduhoxvideo streaming online</title><link>https://stargate.bmi.stonybrook.edu/hox/video/video-dfgfgvietnamaideo-fd-xxx-sex-vid-xhmstar_202541855.html</link><description>&lt;div class=&quot;field field-name-field-date field-type-datetime field-label-above;/div&gt;</description><dc:creator>royal</dc:creator><guid isPermaLink="false">13584 at https://stargate.bmi.stonybrook.edu/hox/video/video-dfgfgvietnamaideo-fd-xxx-sex-vid-xhmstar_202541855.html</guid></item>
<item><title>watch stargate bmi stonybrook eduhoxvideo streaming online</title><link>https://stargate.bmi.stonybrook.edu/hox/video/video-dfgfgvietnamaideo-fd-xxx-sex-vid-xhmstar_202541822.html</link><description>&lt;div class=&quot;field field-name-field-date field-type-datetime field-label-above;/div&gt;</description><dc:creator>royal</dc:creator><guid isPermaLink="false">13584 at https://stargate.bmi.stonybrook.edu/hox/video/video-dfgfgvietnamaideo-fd-xxx-sex-vid-xhmstar_202541822.html</guid></item>
<item><title>watch stargate bmi stonybrook eduhoxvideo streaming online</title><link>https://stargate.bmi.stonybrook.edu/hox/video/video-dfzfsfjn-phim-sex-sex-videos-xhmstar_202541809.html</link><description>&lt;div class=&quot;field field-name-field-date field-type-datetime field-label-above;/div&gt;</description><dc:creator>royal</dc:creator><guid isPermaLink="false">13584 at https://stargate.bmi.stonybrook.edu/hox/video/video-dfzfsfjn-phim-sex-sex-videos-xhmstar_202541809.html</guid></item>
<item><title>watch stargate bmi stonybrook eduhoxvideo streaming online</title><link>https://stargate.bmi.stonybrook.edu/hox/video/video-dfgfgvietnamaideo-fd-xxx-sex-vid-xhmstar_202541831.html</link><description>&lt;div class=&quot;field field-name-field-date field-type-datetime field-label-above;/div&gt;</description><dc:creator>royal</dc:creator><guid isPermaLink="false">13584 at https://stargate.bmi.stonybrook.edu/hox/video/video-dfgfgvietnamaideo-fd-xxx-sex-vid-xhmstar_202541831.html</guid></item>
<item><title>watch stargate bmi stonybrook eduhoxvideo streaming online</title><link>https://stargate.bmi.stonybrook.edu/hox/video/video-xgvdxfsn-sex-xxx-xvideos-xhmstar_202541807.html</link><description>&lt;div class=&quot;field field-name-field-date field-type-datetime field-label-above;/div&gt;</description><dc:creator>royal</dc:creator><guid isPermaLink="false">13584 at https://stargate.bmi.stonybrook.edu/hox/video/video-xgvdxfsn-sex-xxx-xvideos-xhmstar_202541807.html</guid></item>
<item><title>watch stargate bmi stonybrook eduhoxvideo streaming online</title><link>https://stargate.bmi.stonybrook.edu/hox/video/video-dfgfgvietnamaideo-fd-xxx-sex-vid-xhmstar_202541802.html</link><description>&lt;div class=&quot;field field-name-field-date field-type-datetime field-label-above;/div&gt;</description><dc:creator>royal</dc:creator><guid isPermaLink="false">13584 at https://stargate.bmi.stonybrook.edu/hox/video/video-dfgfgvietnamaideo-fd-xxx-sex-vid-xhmstar_202541802.html</guid></item>
<item><title>watch stargate bmi stonybrook eduhoxvideo streaming online</title><link>https://stargate.bmi.stonybrook.edu/hox/video/video-dfzfsfjn-phim-sex-sex-videos-xhmstar_202541805.html</link><description>&lt;div class=&quot;field field-name-field-date field-type-datetime field-label-above;/div&gt;</description><dc:creator>royal</dc:creator><guid isPermaLink="false">13584 at https://stargate.bmi.stonybrook.edu/hox/video/video-dfzfsfjn-phim-sex-sex-videos-xhmstar_202541805.html</guid></item>
<item><title>watch stargate bmi stonybrook eduhoxvideo streaming online</title><link>https://stargate.bmi.stonybrook.edu/hox/video/video-vbnbcgdx-phim-mien-sexx-xhmstar_202541804.html</link><description>&lt;div class=&quot;field field-name-field-date field-type-datetime field-label-above;/div&gt;</description><dc:creator>royal</dc:creator><guid isPermaLink="false">13584 at https://stargate.bmi.stonybrook.edu/hox/video/video-vbnbcgdx-phim-mien-sexx-xhmstar_202541804.html</guid></item>
<item><title>watch stargate bmi stonybrook eduhoxvideo streaming online</title><link>https://stargate.bmi.stonybrook.edu/hox/video/video-dfgfgvietnamaideo-fd-xxx-sex-vid-xhmstar_202541826.html</link><description>&lt;div class=&quot;field field-name-field-date field-type-datetime field-label-above;/div&gt;</description><dc:creator>royal</dc:creator><guid isPermaLink="false">13584 at https://stargate.bmi.stonybrook.edu/hox/video/video-dfgfgvietnamaideo-fd-xxx-sex-vid-xhmstar_202541826.html</guid></item>
<item><title>watch stargate bmi stonybrook eduhoxvideo streaming online</title><link>https://stargate.bmi.stonybrook.edu/hox/video/video-dfgfgvietnamaideo-fd-xxx-sex-vid-xhmstar_202541851.html</link><description>&lt;div class=&quot;field field-name-field-date field-type-datetime field-label-above;/div&gt;</description><dc:creator>royal</dc:creator><guid isPermaLink="false">13584 at https://stargate.bmi.stonybrook.edu/hox/video/video-dfgfgvietnamaideo-fd-xxx-sex-vid-xhmstar_202541851.html</guid></item>
<item><title>watch stargate bmi stonybrook eduhoxvideo streaming online</title><link>https://stargate.bmi.stonybrook.edu/hox/video/video-dfgfgvietnamaideo-fd-xxx-sex-vid-xhmstar_202541846.html</link><description>&lt;div class=&quot;field field-name-field-date field-type-datetime field-label-above;/div&gt;</description><dc:creator>royal</dc:creator><guid isPermaLink="false">13584 at https://stargate.bmi.stonybrook.edu/hox/video/video-dfgfgvietnamaideo-fd-xxx-sex-vid-xhmstar_202541846.html</guid></item>
<item><title>watch stargate bmi stonybrook eduhoxvideo streaming online</title><link>https://stargate.bmi.stonybrook.edu/hox/video/video-dfgfgvietnamaideo-fd-xxx-sex-vid-xhmstar_202541815.html</link><description>&lt;div class=&quot;field field-name-field-date field-type-datetime field-label-above;/div&gt;</description><dc:creator>royal</dc:creator><guid isPermaLink="false">13584 at https://stargate.bmi.stonybrook.edu/hox/video/video-dfgfgvietnamaideo-fd-xxx-sex-vid-xhmstar_202541815.html</guid></item>
<item><title>watch stargate bmi stonybrook eduhoxvideo streaming online</title><link>https://stargate.bmi.stonybrook.edu/hox/video/video-dfgfgvietnamaideo-fd-xxx-sex-vid-xhmstar_202541808.html</link><description>&lt;div class=&quot;field field-name-field-date field-type-datetime field-label-above;/div&gt;</description><dc:creator>royal</dc:creator><guid isPermaLink="false">13584 at https://stargate.bmi.stonybrook.edu/hox/video/video-dfgfgvietnamaideo-fd-xxx-sex-vid-xhmstar_202541808.html</guid></item>
<item><title>watch stargate bmi stonybrook eduhoxvideo streaming online</title><link>https://stargate.bmi.stonybrook.edu/hox/video/video-vbnbcgdx-phim-mien-sexx-xhmstar_202541806.html</link><description>&lt;div class=&quot;field field-name-field-date field-type-datetime field-label-above;/div&gt;</description><dc:creator>royal</dc:creator><guid isPermaLink="false">13584 at https://stargate.bmi.stonybrook.edu/hox/video/video-vbnbcgdx-phim-mien-sexx-xhmstar_202541806.html</guid></item>
<item><title>watch stargate bmi stonybrook eduhoxvideo streaming online</title><link>https://stargate.bmi.stonybrook.edu/hox/video/video-dfgfgvietnamaideo-fd-xxx-sex-vid-xhmstar_202541852.html</link><description>&lt;div class=&quot;field field-name-field-date field-type-datetime field-label-above;/div&gt;</description><dc:creator>royal</dc:creator><guid isPermaLink="false">13584 at https://stargate.bmi.stonybrook.edu/hox/video/video-dfgfgvietnamaideo-fd-xxx-sex-vid-xhmstar_202541852.html</guid></item>
<item><title>watch stargate bmi stonybrook eduhoxvideo streaming online</title><link>https://stargate.bmi.stonybrook.edu/hox/video/video-dfgfgvietnamaideo-fd-xxx-sex-vid-xhmstar_202541859.html</link><description>&lt;div class=&quot;field field-name-field-date field-type-datetime field-label-above;/div&gt;</description><dc:creator>royal</dc:creator><guid isPermaLink="false">13584 at https://stargate.bmi.stonybrook.edu/hox/video/video-dfgfgvietnamaideo-fd-xxx-sex-vid-xhmstar_202541859.html</guid></item>
<item><title>watch stargate bmi stonybrook eduhoxvideo streaming online</title><link>https://stargate.bmi.stonybrook.edu/hox/video/video-vbnbcgdx-phim-mien-sexx-xhmstar_202541809.html</link><description>&lt;div class=&quot;field field-name-field-date field-type-datetime field-label-above;/div&gt;</description><dc:creator>royal</dc:creator><guid isPermaLink="false">13584 at https://stargate.bmi.stonybrook.edu/hox/video/video-vbnbcgdx-phim-mien-sexx-xhmstar_202541809.html</guid></item>
<item><title>watch stargate bmi stonybrook eduhoxvideo streaming online</title><link>https://stargate.bmi.stonybrook.edu/hox/video/video-dfgfgvietnamaideo-fd-xxx-sex-vid-xhmstar_202541841.html</link><description>&lt;div class=&quot;field field-name-field-date field-type-datetime field-label-above;/div&gt;</description><dc:creator>royal</dc:creator><guid isPermaLink="false">13584 at https://stargate.bmi.stonybrook.edu/hox/video/video-dfgfgvietnamaideo-fd-xxx-sex-vid-xhmstar_202541841.html</guid></item>
<item><title>watch stargate bmi stonybrook eduhoxvideo streaming online</title><link>https://stargate.bmi.stonybrook.edu/hox/video/video-dfzfsfjn-phim-sex-sex-videos-xhmstar_202541803.html</link><description>&lt;div class=&quot;field field-name-field-date field-type-datetime field-label-above;/div&gt;</description><dc:creator>royal</dc:creator><guid isPermaLink="false">13584 at https://stargate.bmi.stonybrook.edu/hox/video/video-dfzfsfjn-phim-sex-sex-videos-xhmstar_202541803.html</guid></item>
<item><title>watch stargate bmi stonybrook eduhoxvideo streaming online</title><link>https://stargate.bmi.stonybrook.edu/hox/video/video-axvdf-sex-mien-phi-sex-videos-xhmstar_202541801.html</link><description>&lt;div class=&quot;field field-name-field-date field-type-datetime field-label-above;/div&gt;</description><dc:creator>royal</dc:creator><guid isPermaLink="false">13584 at https://stargate.bmi.stonybrook.edu/hox/video/video-axvdf-sex-mien-phi-sex-videos-xhmstar_202541801.html</guid></item>
<item><title>watch stargate bmi stonybrook eduhoxvideo streaming online</title><link>https://stargate.bmi.stonybrook.edu/hox/video/video-dfgfgvietnamaideo-fd-xxx-sex-vid-xhmstar_202541810.html</link><description>&lt;div class=&quot;field field-name-field-date field-type-datetime field-label-above;/div&gt;</description><dc:creator>royal</dc:creator><guid isPermaLink="false">13584 at https://stargate.bmi.stonybrook.edu/hox/video/video-dfgfgvietnamaideo-fd-xxx-sex-vid-xhmstar_202541810.html</guid></item>
<item><title>watch stargate bmi stonybrook eduhoxvideo streaming online</title><link>https://stargate.bmi.stonybrook.edu/hox/video/video-axvdf-sex-mien-phi-sex-videos-xhmstar_202541809.html</link><description>&lt;div class=&quot;field field-name-field-date field-type-datetime field-label-above;/div&gt;</description><dc:creator>royal</dc:creator><guid isPermaLink="false">13584 at https://stargate.bmi.stonybrook.edu/hox/video/video-axvdf-sex-mien-phi-sex-videos-xhmstar_202541809.html</guid></item>
<item><title>watch stargate bmi stonybrook eduhoxvideo streaming online</title><link>https://stargate.bmi.stonybrook.edu/hox/video/video-dfzfsfjn-phim-sex-sex-videos-xhmstar_202541806.html</link><description>&lt;div class=&quot;field field-name-field-date field-type-datetime field-label-above;/div&gt;</description><dc:creator>royal</dc:creator><guid isPermaLink="false">13584 at https://stargate.bmi.stonybrook.edu/hox/video/video-dfzfsfjn-phim-sex-sex-videos-xhmstar_202541806.html</guid></item>
<item><title>watch stargate bmi stonybrook eduhoxvideo streaming online</title><link>https://stargate.bmi.stonybrook.edu/hox/video/video-dfgfgvietnamaideo-fd-xxx-sex-vid-xhmstar_202541873.html</link><description>&lt;div class=&quot;field field-name-field-date field-type-datetime field-label-above;/div&gt;</description><dc:creator>royal</dc:creator><guid isPermaLink="false">13584 at https://stargate.bmi.stonybrook.edu/hox/video/video-dfgfgvietnamaideo-fd-xxx-sex-vid-xhmstar_202541873.html</guid></item>
<item><title>watch stargate bmi stonybrook eduhoxvideo streaming online</title><link>https://stargate.bmi.stonybrook.edu/hox/video/video-bvbfgvdsjd-phim-xnxx-sex-videos-xhmstar_202541808.html</link><description>&lt;div class=&quot;field field-name-field-date field-type-datetime field-label-above;/div&gt;</description><dc:creator>royal</dc:creator><guid isPermaLink="false">13584 at https://stargate.bmi.stonybrook.edu/hox/video/video-bvbfgvdsjd-phim-xnxx-sex-videos-xhmstar_202541808.html</guid></item>
<item><title>watch stargate bmi stonybrook eduhoxvideo streaming online</title><link>https://stargate.bmi.stonybrook.edu/hox/video/video-dfgfgvietnamaideo-fd-xxx-sex-vid-xhmstar_202541825.html</link><description>&lt;div class=&quot;field field-name-field-date field-type-datetime field-label-above;/div&gt;</description><dc:creator>royal</dc:creator><guid isPermaLink="false">13584 at https://stargate.bmi.stonybrook.edu/hox/video/video-dfgfgvietnamaideo-fd-xxx-sex-vid-xhmstar_202541825.html</guid></item>
<item><title>watch stargate bmi stonybrook eduhoxvideo streaming online</title><link>https://stargate.bmi.stonybrook.edu/hox/video/video-dfgfgvietnamaideo-fd-xxx-sex-vid-xhmstar_202541871.html</link><description>&lt;div class=&quot;field field-name-field-date field-type-datetime field-label-above;/div&gt;</description><dc:creator>royal</dc:creator><guid isPermaLink="false">13584 at https://stargate.bmi.stonybrook.edu/hox/video/video-dfgfgvietnamaideo-fd-xxx-sex-vid-xhmstar_202541871.html</guid></item>
<item><title>watch stargate bmi stonybrook eduhoxvideo streaming online</title><link>https://stargate.bmi.stonybrook.edu/hox/video/video-fxdvfdxzfs-phim-sex-videos-xhmstar_202541807.html</link><description>&lt;div class=&quot;field field-name-field-date field-type-datetime field-label-above;/div&gt;</description><dc:creator>royal</dc:creator><guid isPermaLink="false">13584 at https://stargate.bmi.stonybrook.edu/hox/video/video-fxdvfdxzfs-phim-sex-videos-xhmstar_202541807.html</guid></item>
<item><title>watch stargate bmi stonybrook eduhoxvideo streaming online</title><link>https://stargate.bmi.stonybrook.edu/hox/video/video-dfgfgvietnamaideo-fd-xxx-sex-vid-xhmstar_202541875.html</link><description>&lt;div class=&quot;field field-name-field-date field-type-datetime field-label-above;/div&gt;</description><dc:creator>royal</dc:creator><guid isPermaLink="false">13584 at https://stargate.bmi.stonybrook.edu/hox/video/video-dfgfgvietnamaideo-fd-xxx-sex-vid-xhmstar_202541875.html</guid></item>
<item><title>watch stargate bmi stonybrook eduhoxvideo streaming online</title><link>https://stargate.bmi.stonybrook.edu/hox/video/video-dfgfgvietnamaideo-fd-xxx-sex-vid-xhmstar_202541804.html</link><description>&lt;div class=&quot;field field-name-field-date field-type-datetime field-label-above;/div&gt;</description><dc:creator>royal</dc:creator><guid isPermaLink="false">13584 at https://stargate.bmi.stonybrook.edu/hox/video/video-dfgfgvietnamaideo-fd-xxx-sex-vid-xhmstar_202541804.html</guid></item>
<item><title>watch stargate bmi stonybrook eduhoxvideo streaming online</title><link>https://stargate.bmi.stonybrook.edu/hox/video/video-dfgfgvietnamaideo-fd-xxx-sex-vid-xhmstar_202541849.html</link><description>&lt;div class=&quot;field field-name-field-date field-type-datetime field-label-above;/div&gt;</description><dc:creator>royal</dc:creator><guid isPermaLink="false">13584 at https://stargate.bmi.stonybrook.edu/hox/video/video-dfgfgvietnamaideo-fd-xxx-sex-vid-xhmstar_202541849.html</guid></item>
<item><title>watch stargate bmi stonybrook eduhoxvideo streaming online</title><link>https://stargate.bmi.stonybrook.edu/hox/video/video-dfgfgvietnamaideo-fd-xxx-sex-vid-xhmstar_202541805.html</link><description>&lt;div class=&quot;field field-name-field-date field-type-datetime field-label-above;/div&gt;</description><dc:creator>royal</dc:creator><guid isPermaLink="false">13584 at https://stargate.bmi.stonybrook.edu/hox/video/video-dfgfgvietnamaideo-fd-xxx-sex-vid-xhmstar_202541805.html</guid></item>
<item><title>watch stargate bmi stonybrook eduhoxvideo streaming online</title><link>https://stargate.bmi.stonybrook.edu/hox/video/video-fxdvfdxzfs-phim-sex-videos-xhmstar_202541802.html</link><description>&lt;div class=&quot;field field-name-field-date field-type-datetime field-label-above;/div&gt;</description><dc:creator>royal</dc:creator><guid isPermaLink="false">13584 at https://stargate.bmi.stonybrook.edu/hox/video/video-fxdvfdxzfs-phim-sex-videos-xhmstar_202541802.html</guid></item>
<item><title>watch stargate bmi stonybrook eduhoxvideo streaming online</title><link>https://stargate.bmi.stonybrook.edu/hox/video/video-dfgfgvietnamaideo-fd-xxx-sex-vid-xhmstar_202541870.html</link><description>&lt;div class=&quot;field field-name-field-date field-type-datetime field-label-above;/div&gt;</description><dc:creator>royal</dc:creator><guid isPermaLink="false">13584 at https://stargate.bmi.stonybrook.edu/hox/video/video-dfgfgvietnamaideo-fd-xxx-sex-vid-xhmstar_202541870.html</guid></item>
<item><title>watch stargate bmi stonybrook eduhoxvideo streaming online</title><link>https://stargate.bmi.stonybrook.edu/hox/video/video-bvbfgvdsjd-phim-xnxx-sex-videos-xhmstar_202541801.html</link><description>&lt;div class=&quot;field field-name-field-date field-type-datetime field-label-above;/div&gt;</description><dc:creator>royal</dc:creator><guid isPermaLink="false">13584 at https://stargate.bmi.stonybrook.edu/hox/video/video-bvbfgvdsjd-phim-xnxx-sex-videos-xhmstar_202541801.html</guid></item>
<item><title>watch stargate bmi stonybrook eduhoxvideo streaming online</title><link>https://stargate.bmi.stonybrook.edu/hox/video/video-dfgfgvietnamaideo-fd-xxx-sex-vid-xhmstar_202541860.html</link><description>&lt;div class=&quot;field field-name-field-date field-type-datetime field-label-above;/div&gt;</description><dc:creator>royal</dc:creator><guid isPermaLink="false">13584 at https://stargate.bmi.stonybrook.edu/hox/video/video-dfgfgvietnamaideo-fd-xxx-sex-vid-xhmstar_202541860.html</guid></item>
<item><title>watch stargate bmi stonybrook eduhoxvideo streaming online</title><link>https://stargate.bmi.stonybrook.edu/hox/video/video-fxdvfdxzfs-phim-sex-videos-xhmstar_202541803.html</link><description>&lt;div class=&quot;field field-name-field-date field-type-datetime field-label-above;/div&gt;</description><dc:creator>royal</dc:creator><guid isPermaLink="false">13584 at https://stargate.bmi.stonybrook.edu/hox/video/video-fxdvfdxzfs-phim-sex-videos-xhmstar_202541803.html</guid></item>
<item><title>watch stargate bmi stonybrook eduhoxvideo streaming online</title><link>https://stargate.bmi.stonybrook.edu/hox/video/video-fxdvfdxzfs-phim-sex-videos-xhmstar_202541808.html</link><description>&lt;div class=&quot;field field-name-field-date field-type-datetime field-label-above;/div&gt;</description><dc:creator>royal</dc:creator><guid isPermaLink="false">13584 at https://stargate.bmi.stonybrook.edu/hox/video/video-fxdvfdxzfs-phim-sex-videos-xhmstar_202541808.html</guid></item>
<item><title>watch stargate bmi stonybrook eduhoxvideo streaming online</title><link>https://stargate.bmi.stonybrook.edu/hox/video/video-dfgfgvietnamaideo-fd-xxx-sex-vid-xhmstar_202541830.html</link><description>&lt;div class=&quot;field field-name-field-date field-type-datetime field-label-above;/div&gt;</description><dc:creator>royal</dc:creator><guid isPermaLink="false">13584 at https://stargate.bmi.stonybrook.edu/hox/video/video-dfgfgvietnamaideo-fd-xxx-sex-vid-xhmstar_202541830.html</guid></item>
<item><title>watch stargate bmi stonybrook eduhoxvideo streaming online</title><link>https://stargate.bmi.stonybrook.edu/hox/video/video-fxdvfdxzfs-phim-sex-videos-xhmstar_202541804.html</link><description>&lt;div class=&quot;field field-name-field-date field-type-datetime field-label-above;/div&gt;</description><dc:creator>royal</dc:creator><guid isPermaLink="false">13584 at https://stargate.bmi.stonybrook.edu/hox/video/video-fxdvfdxzfs-phim-sex-videos-xhmstar_202541804.html</guid></item>
<item><title>watch stargate bmi stonybrook eduhoxvideo streaming online</title><link>https://stargate.bmi.stonybrook.edu/hox/video/video-vbnbcgdx-phim-mien-sexx-xhmstar_202541808.html</link><description>&lt;div class=&quot;field field-name-field-date field-type-datetime field-label-above;/div&gt;</description><dc:creator>royal</dc:creator><guid isPermaLink="false">13584 at https://stargate.bmi.stonybrook.edu/hox/video/video-vbnbcgdx-phim-mien-sexx-xhmstar_202541808.html</guid></item>
<item><title>watch stargate bmi stonybrook eduhoxvideo streaming online</title><link>https://stargate.bmi.stonybrook.edu/hox/video/video-axvdf-sex-mien-phi-sex-videos-xhmstar_202541802.html</link><description>&lt;div class=&quot;field field-name-field-date field-type-datetime field-label-above;/div&gt;</description><dc:creator>royal</dc:creator><guid isPermaLink="false">13584 at https://stargate.bmi.stonybrook.edu/hox/video/video-axvdf-sex-mien-phi-sex-videos-xhmstar_202541802.html</guid></item>
<item><title>watch stargate bmi stonybrook eduhoxvideo streaming online</title><link>https://stargate.bmi.stonybrook.edu/hox/video/video-dfzfsfjn-phim-sex-sex-videos-xhmstar_202541802.html</link><description>&lt;div class=&quot;field field-name-field-date field-type-datetime field-label-above;/div&gt;</description><dc:creator>royal</dc:creator><guid isPermaLink="false">13584 at https://stargate.bmi.stonybrook.edu/hox/video/video-dfzfsfjn-phim-sex-sex-videos-xhmstar_202541802.html</guid></item>
<item><title>watch stargate bmi stonybrook eduhoxvideo streaming online</title><link>https://stargate.bmi.stonybrook.edu/hox/video/video-dfgfgvietnamaideo-fd-xxx-sex-vid-xhmstar_202541861.html</link><description>&lt;div class=&quot;field field-name-field-date field-type-datetime field-label-above;/div&gt;</description><dc:creator>royal</dc:creator><guid isPermaLink="false">13584 at https://stargate.bmi.stonybrook.edu/hox/video/video-dfgfgvietnamaideo-fd-xxx-sex-vid-xhmstar_202541861.html</guid></item>
<item><title>watch stargate bmi stonybrook eduhoxvideo streaming online</title><link>https://stargate.bmi.stonybrook.edu/hox/video/video-dfgfgvietnamaideo-fd-xxx-sex-vid-xhmstar_202541832.html</link><description>&lt;div class=&quot;field field-name-field-date field-type-datetime field-label-above;/div&gt;</description><dc:creator>royal</dc:creator><guid isPermaLink="false">13584 at https://stargate.bmi.stonybrook.edu/hox/video/video-dfgfgvietnamaideo-fd-xxx-sex-vid-xhmstar_202541832.html</guid></item>
<item><title>watch stargate bmi stonybrook eduhoxvideo streaming online</title><link>https://stargate.bmi.stonybrook.edu/hox/video/video-dfgfgvietnamaideo-fd-xxx-sex-vid-xhmstar_202541827.html</link><description>&lt;div class=&quot;field field-name-field-date field-type-datetime field-label-above;/div&gt;</description><dc:creator>royal</dc:creator><guid isPermaLink="false">13584 at https://stargate.bmi.stonybrook.edu/hox/video/video-dfgfgvietnamaideo-fd-xxx-sex-vid-xhmstar_202541827.html</guid></item>
<item><title>watch stargate bmi stonybrook eduhoxvideo streaming online</title><link>https://stargate.bmi.stonybrook.edu/hox/video/video-axvdf-sex-mien-phi-sex-videos-xhmstar_202541808.html</link><description>&lt;div class=&quot;field field-name-field-date field-type-datetime field-label-above;/div&gt;</description><dc:creator>royal</dc:creator><guid isPermaLink="false">13584 at https://stargate.bmi.stonybrook.edu/hox/video/video-axvdf-sex-mien-phi-sex-videos-xhmstar_202541808.html</guid></item>
<item><title>watch stargate bmi stonybrook eduhoxvideo streaming online</title><link>https://stargate.bmi.stonybrook.edu/hox/video/video-dfgfgvietnamaideo-fd-xxx-sex-vid-xhmstar_202541866.html</link><description>&lt;div class=&quot;field field-name-field-date field-type-datetime field-label-above;/div&gt;</description><dc:creator>royal</dc:creator><guid isPermaLink="false">13584 at https://stargate.bmi.stonybrook.edu/hox/video/video-dfgfgvietnamaideo-fd-xxx-sex-vid-xhmstar_202541866.html</guid></item>
<item><title>watch stargate bmi stonybrook eduhoxvideo streaming online</title><link>https://stargate.bmi.stonybrook.edu/hox/video/video-dfgfgvietnamaideo-fd-xxx-sex-vid-xhmstar_202541817.html</link><description>&lt;div class=&quot;field field-name-field-date field-type-datetime field-label-above;/div&gt;</description><dc:creator>royal</dc:creator><guid isPermaLink="false">13584 at https://stargate.bmi.stonybrook.edu/hox/video/video-dfgfgvietnamaideo-fd-xxx-sex-vid-xhmstar_202541817.html</guid></item>
<item><title>watch stargate bmi stonybrook eduhoxvideo streaming online</title><link>https://stargate.bmi.stonybrook.edu/hox/video/video-xgvdxfsn-sex-xxx-xvideos-xhmstar_202541801.html</link><description>&lt;div class=&quot;field field-name-field-date field-type-datetime field-label-above;/div&gt;</description><dc:creator>royal</dc:creator><guid isPermaLink="false">13584 at https://stargate.bmi.stonybrook.edu/hox/video/video-xgvdxfsn-sex-xxx-xvideos-xhmstar_202541801.html</guid></item>
<item><title>watch stargate bmi stonybrook eduhoxvideo streaming online</title><link>https://stargate.bmi.stonybrook.edu/hox/video/video-bvbfgvdsjd-phim-xnxx-sex-videos-xhmstar_202541804.html</link><description>&lt;div class=&quot;field field-name-field-date field-type-datetime field-label-above;/div&gt;</description><dc:creator>royal</dc:creator><guid isPermaLink="false">13584 at https://stargate.bmi.stonybrook.edu/hox/video/video-bvbfgvdsjd-phim-xnxx-sex-videos-xhmstar_202541804.html</guid></item>
<item><title>watch stargate bmi stonybrook eduhoxvideo streaming online</title><link>https://stargate.bmi.stonybrook.edu/hox/video/video-dfgfgvietnamaideo-fd-xxx-sex-vid-xhmstar_202541829.html</link><description>&lt;div class=&quot;field field-name-field-date field-type-datetime field-label-above;/div&gt;</description><dc:creator>royal</dc:creator><guid isPermaLink="false">13584 at https://stargate.bmi.stonybrook.edu/hox/video/video-dfgfgvietnamaideo-fd-xxx-sex-vid-xhmstar_202541829.html</guid></item>
<item><title>watch stargate bmi stonybrook eduhoxvideo streaming online</title><link>https://stargate.bmi.stonybrook.edu/hox/video/video-axvdf-sex-mien-phi-sex-videos-xhmstar_202541807.html</link><description>&lt;div class=&quot;field field-name-field-date field-type-datetime field-label-above;/div&gt;</description><dc:creator>royal</dc:creator><guid isPermaLink="false">13584 at https://stargate.bmi.stonybrook.edu/hox/video/video-axvdf-sex-mien-phi-sex-videos-xhmstar_202541807.html</guid></item>
<item><title>watch stargate bmi stonybrook eduhoxvideo streaming online</title><link>https://stargate.bmi.stonybrook.edu/hox/video/video-dfgfgvietnamaideo-fd-xxx-sex-vid-xhmstar_202541811.html</link><description>&lt;div class=&quot;field field-name-field-date field-type-datetime field-label-above;/div&gt;</description><dc:creator>royal</dc:creator><guid isPermaLink="false">13584 at https://stargate.bmi.stonybrook.edu/hox/video/video-dfgfgvietnamaideo-fd-xxx-sex-vid-xhmstar_202541811.html</guid></item>
<item><title>watch stargate bmi stonybrook eduhoxvideo streaming online</title><link>https://stargate.bmi.stonybrook.edu/hox/video/video-dfgfgvietnamaideo-fd-xxx-sex-vid-xhmstar_202541821.html</link><description>&lt;div class=&quot;field field-name-field-date field-type-datetime field-label-above;/div&gt;</description><dc:creator>royal</dc:creator><guid isPermaLink="false">13584 at https://stargate.bmi.stonybrook.edu/hox/video/video-dfgfgvietnamaideo-fd-xxx-sex-vid-xhmstar_202541821.html</guid></item>
<item><title>watch stargate bmi stonybrook eduhoxvideo streaming online</title><link>https://stargate.bmi.stonybrook.edu/hox/video/video-dfgfgvietnamaideo-fd-xxx-sex-vid-xhmstar_202541813.html</link><description>&lt;div class=&quot;field field-name-field-date field-type-datetime field-label-above;/div&gt;</description><dc:creator>royal</dc:creator><guid isPermaLink="false">13584 at https://stargate.bmi.stonybrook.edu/hox/video/video-dfgfgvietnamaideo-fd-xxx-sex-vid-xhmstar_202541813.html</guid></item>
<item><title>watch stargate bmi stonybrook eduhoxvideo streaming online</title><link>https://stargate.bmi.stonybrook.edu/hox/video/video-axvdf-sex-mien-phi-sex-videos-xhmstar_202541805.html</link><description>&lt;div class=&quot;field field-name-field-date field-type-datetime field-label-above;/div&gt;</description><dc:creator>royal</dc:creator><guid isPermaLink="false">13584 at https://stargate.bmi.stonybrook.edu/hox/video/video-axvdf-sex-mien-phi-sex-videos-xhmstar_202541805.html</guid></item>
<item><title>watch stargate bmi stonybrook eduhoxvideo streaming online</title><link>https://stargate.bmi.stonybrook.edu/hox/video/video-dfzfsfjn-phim-sex-sex-videos-xhmstar_202541807.html</link><description>&lt;div class=&quot;field field-name-field-date field-type-datetime field-label-above;/div&gt;</description><dc:creator>royal</dc:creator><guid isPermaLink="false">13584 at https://stargate.bmi.stonybrook.edu/hox/video/video-dfzfsfjn-phim-sex-sex-videos-xhmstar_202541807.html</guid></item>
<item><title>watch stargate bmi stonybrook eduhoxvideo streaming online</title><link>https://stargate.bmi.stonybrook.edu/hox/video/video-dfgfgvietnamaideo-fd-xxx-sex-vid-xhmstar_202541833.html</link><description>&lt;div class=&quot;field field-name-field-date field-type-datetime field-label-above;/div&gt;</description><dc:creator>royal</dc:creator><guid isPermaLink="false">13584 at https://stargate.bmi.stonybrook.edu/hox/video/video-dfgfgvietnamaideo-fd-xxx-sex-vid-xhmstar_202541833.html</guid></item>
<item><title>watch stargate bmi stonybrook eduhoxvideo streaming online</title><link>https://stargate.bmi.stonybrook.edu/hox/video/video-xgvdxfsn-sex-xxx-xvideos-xhmstar_202541806.html</link><description>&lt;div class=&quot;field field-name-field-date field-type-datetime field-label-above;/div&gt;</description><dc:creator>royal</dc:creator><guid isPermaLink="false">13584 at https://stargate.bmi.stonybrook.edu/hox/video/video-xgvdxfsn-sex-xxx-xvideos-xhmstar_202541806.html</guid></item>
<item><title>watch stargate bmi stonybrook eduhoxvideo streaming online</title><link>https://stargate.bmi.stonybrook.edu/hox/video/video-xgvdxfsn-sex-xxx-xvideos-xhmstar_202541803.html</link><description>&lt;div class=&quot;field field-name-field-date field-type-datetime field-label-above;/div&gt;</description><dc:creator>royal</dc:creator><guid isPermaLink="false">13584 at https://stargate.bmi.stonybrook.edu/hox/video/video-xgvdxfsn-sex-xxx-xvideos-xhmstar_202541803.html</guid></item>
<item><title>watch stargate bmi stonybrook eduhoxvideo streaming online</title><link>https://stargate.bmi.stonybrook.edu/hox/video/video-dfgfgvietnamaideo-fd-xxx-sex-vid-xhmstar_202541868.html</link><description>&lt;div class=&quot;field field-name-field-date field-type-datetime field-label-above;/div&gt;</description><dc:creator>royal</dc:creator><guid isPermaLink="false">13584 at https://stargate.bmi.stonybrook.edu/hox/video/video-dfgfgvietnamaideo-fd-xxx-sex-vid-xhmstar_202541868.html</guid></item>
<item><title>watch stargate bmi stonybrook eduhoxvideo streaming online</title><link>https://stargate.bmi.stonybrook.edu/hox/video/video-dfgfgvietnamaideo-fd-xxx-sex-vid-xhmstar_202541816.html</link><description>&lt;div class=&quot;field field-name-field-date field-type-datetime field-label-above;/div&gt;</description><dc:creator>royal</dc:creator><guid isPermaLink="false">13584 at https://stargate.bmi.stonybrook.edu/hox/video/video-dfgfgvietnamaideo-fd-xxx-sex-vid-xhmstar_202541816.html</guid></item>
<item><title>watch stargate bmi stonybrook eduhoxvideo streaming online</title><link>https://stargate.bmi.stonybrook.edu/hox/video/video-dfgfgvietnamaideo-fd-xxx-sex-vid-xhmstar_202541838.html</link><description>&lt;div class=&quot;field field-name-field-date field-type-datetime field-label-above;/div&gt;</description><dc:creator>royal</dc:creator><guid isPermaLink="false">13584 at https://stargate.bmi.stonybrook.edu/hox/video/video-dfgfgvietnamaideo-fd-xxx-sex-vid-xhmstar_202541838.html</guid></item>
<item><title>watch stargate bmi stonybrook eduhoxvideo streaming online</title><link>https://stargate.bmi.stonybrook.edu/hox/video/video-dfgfgvietnamaideo-fd-xxx-sex-vid-xhmstar_202541869.html</link><description>&lt;div class=&quot;field field-name-field-date field-type-datetime field-label-above;/div&gt;</description><dc:creator>royal</dc:creator><guid isPermaLink="false">13584 at https://stargate.bmi.stonybrook.edu/hox/video/video-dfgfgvietnamaideo-fd-xxx-sex-vid-xhmstar_202541869.html</guid></item>
<item><title>watch stargate bmi stonybrook eduhoxvideo streaming online</title><link>https://stargate.bmi.stonybrook.edu/hox/video/video-dfgfgvietnamaideo-fd-xxx-sex-vid-xhmstar_202541807.html</link><description>&lt;div class=&quot;field field-name-field-date field-type-datetime field-label-above;/div&gt;</description><dc:creator>royal</dc:creator><guid isPermaLink="false">13584 at https://stargate.bmi.stonybrook.edu/hox/video/video-dfgfgvietnamaideo-fd-xxx-sex-vid-xhmstar_202541807.html</guid></item>
<item><title>watch stargate bmi stonybrook eduhoxvideo streaming online</title><link>https://stargate.bmi.stonybrook.edu/hox/video/video-dfgfgvietnamaideo-fd-xxx-sex-vid-xhmstar_202541862.html</link><description>&lt;div class=&quot;field field-name-field-date field-type-datetime field-label-above;/div&gt;</description><dc:creator>royal</dc:creator><guid isPermaLink="false">13584 at https://stargate.bmi.stonybrook.edu/hox/video/video-dfgfgvietnamaideo-fd-xxx-sex-vid-xhmstar_202541862.html</guid></item>
<item><title>watch stargate bmi stonybrook eduhoxvideo streaming online</title><link>https://stargate.bmi.stonybrook.edu/hox/video/video-bvbfgvdsjd-phim-xnxx-sex-videos-xhmstar_202541805.html</link><description>&lt;div class=&quot;field field-name-field-date field-type-datetime field-label-above;/div&gt;</description><dc:creator>royal</dc:creator><guid isPermaLink="false">13584 at https://stargate.bmi.stonybrook.edu/hox/video/video-bvbfgvdsjd-phim-xnxx-sex-videos-xhmstar_202541805.html</guid></item>
<item><title>watch stargate bmi stonybrook eduhoxvideo streaming online</title><link>https://stargate.bmi.stonybrook.edu/hox/video/video-dfgfgvietnamaideo-fd-xxx-sex-vid-xhmstar_202541837.html</link><description>&lt;div class=&quot;field field-name-field-date field-type-datetime field-label-above;/div&gt;</description><dc:creator>royal</dc:creator><guid isPermaLink="false">13584 at https://stargate.bmi.stonybrook.edu/hox/video/video-dfgfgvietnamaideo-fd-xxx-sex-vid-xhmstar_202541837.html</guid></item>
<item><title>watch stargate bmi stonybrook eduhoxvideo streaming online</title><link>https://stargate.bmi.stonybrook.edu/hox/video/video-dfgfgvietnamaideo-fd-xxx-sex-vid-xhmstar_202541847.html</link><description>&lt;div class=&quot;field field-name-field-date field-type-datetime field-label-above;/div&gt;</description><dc:creator>royal</dc:creator><guid isPermaLink="false">13584 at https://stargate.bmi.stonybrook.edu/hox/video/video-dfgfgvietnamaideo-fd-xxx-sex-vid-xhmstar_202541847.html</guid></item>
<item><title>watch stargate bmi stonybrook eduhoxvideo streaming online</title><link>https://stargate.bmi.stonybrook.edu/hox/video/video-dfgfgvietnamaideo-fd-xxx-sex-vid-xhmstar_202541818.html</link><description>&lt;div class=&quot;field field-name-field-date field-type-datetime field-label-above;/div&gt;</description><dc:creator>royal</dc:creator><guid isPermaLink="false">13584 at https://stargate.bmi.stonybrook.edu/hox/video/video-dfgfgvietnamaideo-fd-xxx-sex-vid-xhmstar_202541818.html</guid></item>
<item><title>watch stargate bmi stonybrook eduhoxvideo streaming online</title><link>https://stargate.bmi.stonybrook.edu/hox/video/video-xgvdxfsn-sex-xxx-xvideos-xhmstar_202541804.html</link><description>&lt;div class=&quot;field field-name-field-date field-type-datetime field-label-above;/div&gt;</description><dc:creator>royal</dc:creator><guid isPermaLink="false">13584 at https://stargate.bmi.stonybrook.edu/hox/video/video-xgvdxfsn-sex-xxx-xvideos-xhmstar_202541804.html</guid></item>
<item><title>watch stargate bmi stonybrook eduhoxvideo streaming online</title><link>https://stargate.bmi.stonybrook.edu/hox/video/video-fxdvfdxzfs-phim-sex-videos-xhmstar_202541801.html</link><description>&lt;div class=&quot;field field-name-field-date field-type-datetime field-label-above;/div&gt;</description><dc:creator>royal</dc:creator><guid isPermaLink="false">13584 at https://stargate.bmi.stonybrook.edu/hox/video/video-fxdvfdxzfs-phim-sex-videos-xhmstar_202541801.html</guid></item>
<item><title>watch stargate bmi stonybrook eduhoxvideo streaming online</title><link>https://stargate.bmi.stonybrook.edu/hox/video/video-dfgfgvietnamaideo-fd-xxx-sex-vid-xhmstar_202541836.html</link><description>&lt;div class=&quot;field field-name-field-date field-type-datetime field-label-above;/div&gt;</description><dc:creator>royal</dc:creator><guid isPermaLink="false">13584 at https://stargate.bmi.stonybrook.edu/hox/video/video-dfgfgvietnamaideo-fd-xxx-sex-vid-xhmstar_202541836.html</guid></item>
<item><title>watch stargate bmi stonybrook eduhoxvideo streaming online</title><link>https://stargate.bmi.stonybrook.edu/hox/video/video-dfgfgvietnamaideo-fd-xxx-sex-vid-xhmstar_202541820.html</link><description>&lt;div class=&quot;field field-name-field-date field-type-datetime field-label-above;/div&gt;</description><dc:creator>royal</dc:creator><guid isPermaLink="false">13584 at https://stargate.bmi.stonybrook.edu/hox/video/video-dfgfgvietnamaideo-fd-xxx-sex-vid-xhmstar_202541820.html</guid></item>
<item><title>watch stargate bmi stonybrook eduhoxvideo streaming online</title><link>https://stargate.bmi.stonybrook.edu/hox/video/video-vbnbcgdx-phim-mien-sexx-xhmstar_202541805.html</link><description>&lt;div class=&quot;field field-name-field-date field-type-datetime field-label-above;/div&gt;</description><dc:creator>royal</dc:creator><guid isPermaLink="false">13584 at https://stargate.bmi.stonybrook.edu/hox/video/video-vbnbcgdx-phim-mien-sexx-xhmstar_202541805.html</guid></item>
<item><title>watch stargate bmi stonybrook eduhoxvideo streaming online</title><link>https://stargate.bmi.stonybrook.edu/hox/video/video-vbnbcgdx-phim-mien-sexx-xhmstar_202541801.html</link><description>&lt;div class=&quot;field field-name-field-date field-type-datetime field-label-above;/div&gt;</description><dc:creator>royal</dc:creator><guid isPermaLink="false">13584 at https://stargate.bmi.stonybrook.edu/hox/video/video-vbnbcgdx-phim-mien-sexx-xhmstar_202541801.html</guid></item>
<item><title>watch stargate bmi stonybrook eduhoxvideo streaming online</title><link>https://stargate.bmi.stonybrook.edu/hox/video/video-dfzfsfjn-phim-sex-sex-videos-xhmstar_202541804.html</link><description>&lt;div class=&quot;field field-name-field-date field-type-datetime field-label-above;/div&gt;</description><dc:creator>royal</dc:creator><guid isPermaLink="false">13584 at https://stargate.bmi.stonybrook.edu/hox/video/video-dfzfsfjn-phim-sex-sex-videos-xhmstar_202541804.html</guid></item>
<item><title>watch stargate bmi stonybrook eduhoxvideo streaming online</title><link>https://stargate.bmi.stonybrook.edu/hox/video/video-dfgfgvietnamaideo-fd-xxx-sex-vid-xhmstar_202541865.html</link><description>&lt;div class=&quot;field field-name-field-date field-type-datetime field-label-above;/div&gt;</description><dc:creator>royal</dc:creator><guid isPermaLink="false">13584 at https://stargate.bmi.stonybrook.edu/hox/video/video-dfgfgvietnamaideo-fd-xxx-sex-vid-xhmstar_202541865.html</guid></item>
<item><title>watch stargate bmi stonybrook eduhoxvideo streaming online</title><link>https://stargate.bmi.stonybrook.edu/hox/video/video-dfgfgvietnamaideo-fd-xxx-sex-vid-xhmstar_202541834.html</link><description>&lt;div class=&quot;field field-name-field-date field-type-datetime field-label-above;/div&gt;</description><dc:creator>royal</dc:creator><guid isPermaLink="false">13584 at https://stargate.bmi.stonybrook.edu/hox/video/video-dfgfgvietnamaideo-fd-xxx-sex-vid-xhmstar_202541834.html</guid></item>
<item><title>watch stargate bmi stonybrook eduhoxvideo streaming online</title><link>https://stargate.bmi.stonybrook.edu/hox/video/video-dfgfgvietnamaideo-fd-xxx-sex-vid-xhmstar_202541853.html</link><description>&lt;div class=&quot;field field-name-field-date field-type-datetime field-label-above;/div&gt;</description><dc:creator>royal</dc:creator><guid isPermaLink="false">13584 at https://stargate.bmi.stonybrook.edu/hox/video/video-dfgfgvietnamaideo-fd-xxx-sex-vid-xhmstar_202541853.html</guid></item>
<item><title>watch stargate bmi stonybrook eduhoxvideo streaming online</title><link>https://stargate.bmi.stonybrook.edu/hox/video/video-vbnbcgdx-phim-mien-sexx-xhmstar_202541803.html</link><description>&lt;div class=&quot;field field-name-field-date field-type-datetime field-label-above;/div&gt;</description><dc:creator>royal</dc:creator><guid isPermaLink="false">13584 at https://stargate.bmi.stonybrook.edu/hox/video/video-vbnbcgdx-phim-mien-sexx-xhmstar_202541803.html</guid></item>
<item><title>watch stargate bmi stonybrook eduhoxvideo streaming online</title><link>https://stargate.bmi.stonybrook.edu/hox/video/video-dfgfgvietnamaideo-fd-xxx-sex-vid-xhmstar_202541828.html</link><description>&lt;div class=&quot;field field-name-field-date field-type-datetime field-label-above;/div&gt;</description><dc:creator>royal</dc:creator><guid isPermaLink="false">13584 at https://stargate.bmi.stonybrook.edu/hox/video/video-dfgfgvietnamaideo-fd-xxx-sex-vid-xhmstar_202541828.html</guid></item>
<item><title>watch stargate bmi stonybrook eduhoxvideo streaming online</title><link>https://stargate.bmi.stonybrook.edu/hox/video/video-axvdf-sex-mien-phi-sex-videos-xhmstar_202541806.html</link><description>&lt;div class=&quot;field field-name-field-date field-type-datetime field-label-above;/div&gt;</description><dc:creator>royal</dc:creator><guid isPermaLink="false">13584 at https://stargate.bmi.stonybrook.edu/hox/video/video-axvdf-sex-mien-phi-sex-videos-xhmstar_202541806.html</guid></item>
<item><title>watch stargate bmi stonybrook eduhoxvideo streaming online</title><link>https://stargate.bmi.stonybrook.edu/hox/video/video-dfgfgvietnamaideo-fd-xxx-sex-vid-xhmstar_202541854.html</link><description>&lt;div class=&quot;field field-name-field-date field-type-datetime field-label-above;/div&gt;</description><dc:creator>royal</dc:creator><guid isPermaLink="false">13584 at https://stargate.bmi.stonybrook.edu/hox/video/video-dfgfgvietnamaideo-fd-xxx-sex-vid-xhmstar_202541854.html</guid></item>
<item><title>watch stargate bmi stonybrook eduhoxvideo streaming online</title><link>https://stargate.bmi.stonybrook.edu/hox/video/video-xgvdxfsn-sex-xxx-xvideos-xhmstar_202541805.html</link><description>&lt;div class=&quot;field field-name-field-date field-type-datetime field-label-above;/div&gt;</description><dc:creator>royal</dc:creator><guid isPermaLink="false">13584 at https://stargate.bmi.stonybrook.edu/hox/video/video-xgvdxfsn-sex-xxx-xvideos-xhmstar_202541805.html</guid></item>
<item><title>watch stargate bmi stonybrook eduhoxvideo streaming online</title><link>https://stargate.bmi.stonybrook.edu/hox/video/video-axvdf-sex-mien-phi-sex-videos-xhmstar_202541803.html</link><description>&lt;div class=&quot;field field-name-field-date field-type-datetime field-label-above;/div&gt;</description><dc:creator>royal</dc:creator><guid isPermaLink="false">13584 at https://stargate.bmi.stonybrook.edu/hox/video/video-axvdf-sex-mien-phi-sex-videos-xhmstar_202541803.html</guid></item>
<item><title>watch stargate bmi stonybrook eduhoxvideo streaming online</title><link>https://stargate.bmi.stonybrook.edu/hox/video/video-dfgfgvietnamaideo-fd-xxx-sex-vid-xhmstar_202541823.html</link><description>&lt;div class=&quot;field field-name-field-date field-type-datetime field-label-above;/div&gt;</description><dc:creator>royal</dc:creator><guid isPermaLink="false">13584 at https://stargate.bmi.stonybrook.edu/hox/video/video-dfgfgvietnamaideo-fd-xxx-sex-vid-xhmstar_202541823.html</guid></item>
<item><title>watch stargate bmi stonybrook eduhoxvideo streaming online</title><link>https://stargate.bmi.stonybrook.edu/hox/video/video-xgvdxfsn-sex-xxx-xvideos-xhmstar_202541808.html</link><description>&lt;div class=&quot;field field-name-field-date field-type-datetime field-label-above;/div&gt;</description><dc:creator>royal</dc:creator><guid isPermaLink="false">13584 at https://stargate.bmi.stonybrook.edu/hox/video/video-xgvdxfsn-sex-xxx-xvideos-xhmstar_202541808.html</guid></item>
<item><title>watch stargate bmi stonybrook eduhoxvideo streaming online</title><link>https://stargate.bmi.stonybrook.edu/hox/video/video-dfgfgvietnamaideo-fd-xxx-sex-vid-xhmstar_202541803.html</link><description>&lt;div class=&quot;field field-name-field-date field-type-datetime field-label-above;/div&gt;</description><dc:creator>royal</dc:creator><guid isPermaLink="false">13584 at https://stargate.bmi.stonybrook.edu/hox/video/video-dfgfgvietnamaideo-fd-xxx-sex-vid-xhmstar_202541803.html</guid></item>
<item><title>watch stargate bmi stonybrook eduhoxvideo streaming online</title><link>https://stargate.bmi.stonybrook.edu/hox/video/video-dfgfgvietnamaideo-fd-xxx-sex-vid-xhmstar_202541857.html</link><description>&lt;div class=&quot;field field-name-field-date field-type-datetime field-label-above;/div&gt;</description><dc:creator>royal</dc:creator><guid isPermaLink="false">13584 at https://stargate.bmi.stonybrook.edu/hox/video/video-dfgfgvietnamaideo-fd-xxx-sex-vid-xhmstar_202541857.html</guid></item>
<item><title>watch stargate bmi stonybrook eduhoxvideo streaming online</title><link>https://stargate.bmi.stonybrook.edu/hox/video/video-dfzfsfjn-phim-sex-sex-videos-xhmstar_202541808.html</link><description>&lt;div class=&quot;field field-name-field-date field-type-datetime field-label-above;/div&gt;</description><dc:creator>royal</dc:creator><guid isPermaLink="false">13584 at https://stargate.bmi.stonybrook.edu/hox/video/video-dfzfsfjn-phim-sex-sex-videos-xhmstar_202541808.html</guid></item>
<item><title>watch stargate bmi stonybrook eduhoxvideo streaming online</title><link>https://stargate.bmi.stonybrook.edu/hox/video/video-dfgfgvietnamaideo-fd-xxx-sex-vid-xhmstar_202541872.html</link><description>&lt;div class=&quot;field field-name-field-date field-type-datetime field-label-above;/div&gt;</description><dc:creator>royal</dc:creator><guid isPermaLink="false">13584 at https://stargate.bmi.stonybrook.edu/hox/video/video-dfgfgvietnamaideo-fd-xxx-sex-vid-xhmstar_202541872.html</guid></item>
<item><title>watch stargate bmi stonybrook eduhoxvideo streaming online</title><link>https://stargate.bmi.stonybrook.edu/hox/video/video-dfgfgvietnamaideo-fd-xxx-sex-vid-xhmstar_202541843.html</link><description>&lt;div class=&quot;field field-name-field-date field-type-datetime field-label-above;/div&gt;</description><dc:creator>royal</dc:creator><guid isPermaLink="false">13584 at https://stargate.bmi.stonybrook.edu/hox/video/video-dfgfgvietnamaideo-fd-xxx-sex-vid-xhmstar_202541843.html</guid></item>
<item><title>watch stargate bmi stonybrook eduhoxvideo streaming online</title><link>https://stargate.bmi.stonybrook.edu/hox/video/video-vbnbcgdx-phim-mien-sexx-xhmstar_202541802.html</link><description>&lt;div class=&quot;field field-name-field-date field-type-datetime field-label-above;/div&gt;</description><dc:creator>royal</dc:creator><guid isPermaLink="false">13584 at https://stargate.bmi.stonybrook.edu/hox/video/video-vbnbcgdx-phim-mien-sexx-xhmstar_202541802.html</guid></item>
<item><title>watch stargate bmi stonybrook eduhoxvideo streaming online</title><link>https://stargate.bmi.stonybrook.edu/hox/video/video-xgvdxfsn-sex-xxx-xvideos-xhmstar_202541802.html</link><description>&lt;div class=&quot;field field-name-field-date field-type-datetime field-label-above;/div&gt;</description><dc:creator>royal</dc:creator><guid isPermaLink="false">13584 at https://stargate.bmi.stonybrook.edu/hox/video/video-xgvdxfsn-sex-xxx-xvideos-xhmstar_202541802.html</guid></item>
<item><title>watch stargate bmi stonybrook eduhoxvideo streaming online</title><link>https://stargate.bmi.stonybrook.edu/hox/video/video-bvbfgvdsjd-phim-xnxx-sex-videos-xhmstar_202541807.html</link><description>&lt;div class=&quot;field field-name-field-date field-type-datetime field-label-above;/div&gt;</description><dc:creator>royal</dc:creator><guid isPermaLink="false">13584 at https://stargate.bmi.stonybrook.edu/hox/video/video-bvbfgvdsjd-phim-xnxx-sex-videos-xhmstar_202541807.html</guid></item>
<item><title>watch stargate bmi stonybrook eduhoxvideo streaming online</title><link>https://stargate.bmi.stonybrook.edu/hox/video/video-fxdvfdxzfs-phim-sex-videos-xhmstar_202541809.html</link><description>&lt;div class=&quot;field field-name-field-date field-type-datetime field-label-above;/div&gt;</description><dc:creator>royal</dc:creator><guid isPermaLink="false">13584 at https://stargate.bmi.stonybrook.edu/hox/video/video-fxdvfdxzfs-phim-sex-videos-xhmstar_202541809.html</guid></item>
<item><title>watch stargate bmi stonybrook eduhoxvideo streaming online</title><link>https://stargate.bmi.stonybrook.edu/hox/video/video-dfgfgvietnamaideo-fd-xxx-sex-vid-xhmstar_202541835.html</link><description>&lt;div class=&quot;field field-name-field-date field-type-datetime field-label-above;/div&gt;</description><dc:creator>royal</dc:creator><guid isPermaLink="false">13584 at https://stargate.bmi.stonybrook.edu/hox/video/video-dfgfgvietnamaideo-fd-xxx-sex-vid-xhmstar_202541835.html</guid></item>
<item><title>watch stargate bmi stonybrook eduhoxvideo streaming online</title><link>https://stargate.bmi.stonybrook.edu/hox/video/video-dfgfgvietnamaideo-fd-xxx-sex-vid-xhmstar_202541806.html</link><description>&lt;div class=&quot;field field-name-field-date field-type-datetime field-label-above;/div&gt;</description><dc:creator>royal</dc:creator><guid isPermaLink="false">13584 at https://stargate.bmi.stonybrook.edu/hox/video/video-dfgfgvietnamaideo-fd-xxx-sex-vid-xhmstar_202541806.html</guid></item>
<item><title>watch stargate bmi stonybrook eduhoxvideo streaming online</title><link>https://stargate.bmi.stonybrook.edu/hox/video/video-dfgfgvietnamaideo-fd-xxx-sex-vid-xhmstar_202541839.html</link><description>&lt;div class=&quot;field field-name-field-date field-type-datetime field-label-above;/div&gt;</description><dc:creator>royal</dc:creator><guid isPermaLink="false">13584 at https://stargate.bmi.stonybrook.edu/hox/video/video-dfgfgvietnamaideo-fd-xxx-sex-vid-xhmstar_202541839.html</guid></item>
<item><title>watch stargate bmi stonybrook eduhoxvideo streaming online</title><link>https://stargate.bmi.stonybrook.edu/hox/video/video-dfgfgvietnamaideo-fd-xxx-sex-vid-xhmstar_202541814.html</link><description>&lt;div class=&quot;field field-name-field-date field-type-datetime field-label-above;/div&gt;</description><dc:creator>royal</dc:creator><guid isPermaLink="false">13584 at https://stargate.bmi.stonybrook.edu/hox/video/video-dfgfgvietnamaideo-fd-xxx-sex-vid-xhmstar_202541814.html</guid></item>
<item><title>watch stargate bmi stonybrook eduhoxvideo streaming online</title><link>https://stargate.bmi.stonybrook.edu/hox/video/video-dfgfgvietnamaideo-fd-xxx-sex-vid-xhmstar_202541863.html</link><description>&lt;div class=&quot;field field-name-field-date field-type-datetime field-label-above;/div&gt;</description><dc:creator>royal</dc:creator><guid isPermaLink="false">13584 at https://stargate.bmi.stonybrook.edu/hox/video/video-dfgfgvietnamaideo-fd-xxx-sex-vid-xhmstar_202541863.html</guid></item>
<item><title>watch stargate bmi stonybrook eduhoxvideo streaming online</title><link>https://stargate.bmi.stonybrook.edu/hox/video/video-dfgfgvietnamaideo-fd-xxx-sex-vid-xhmstar_202541874.html</link><description>&lt;div class=&quot;field field-name-field-date field-type-datetime field-label-above;/div&gt;</description><dc:creator>royal</dc:creator><guid isPermaLink="false">13584 at https://stargate.bmi.stonybrook.edu/hox/video/video-dfgfgvietnamaideo-fd-xxx-sex-vid-xhmstar_202541874.html</guid></item>
<item><title>watch stargate bmi stonybrook eduhoxvideo streaming online</title><link>https://stargate.bmi.stonybrook.edu/hox/video/video-dfgfgvietnamaideo-fd-xxx-sex-vid-xhmstar_202541819.html</link><description>&lt;div class=&quot;field field-name-field-date field-type-datetime field-label-above;/div&gt;</description><dc:creator>royal</dc:creator><guid isPermaLink="false">13584 at https://stargate.bmi.stonybrook.edu/hox/video/video-dfgfgvietnamaideo-fd-xxx-sex-vid-xhmstar_202541819.html</guid></item>
<item><title>watch stargate bmi stonybrook eduhoxvideo streaming online</title><link>https://stargate.bmi.stonybrook.edu/hox/video/video-dfgfgvietnamaideo-fd-xxx-sex-vid-xhmstar_202541848.html</link><description>&lt;div class=&quot;field field-name-field-date field-type-datetime field-label-above;/div&gt;</description><dc:creator>royal</dc:creator><guid isPermaLink="false">13584 at https://stargate.bmi.stonybrook.edu/hox/video/video-dfgfgvietnamaideo-fd-xxx-sex-vid-xhmstar_202541848.html</guid></item>
<item><title>watch stargate bmi stonybrook eduhoxvideo streaming online</title><link>https://stargate.bmi.stonybrook.edu/hox/video/video-dfgfgvietnamaideo-fd-xxx-sex-vid-xhmstar_202541856.html</link><description>&lt;div class=&quot;field field-name-field-date field-type-datetime field-label-above;/div&gt;</description><dc:creator>royal</dc:creator><guid isPermaLink="false">13584 at https://stargate.bmi.stonybrook.edu/hox/video/video-dfgfgvietnamaideo-fd-xxx-sex-vid-xhmstar_202541856.html</guid></item>
<item><title>watch stargate bmi stonybrook eduhoxvideo streaming online</title><link>https://stargate.bmi.stonybrook.edu/hox/video/video-dfgfgvietnamaideo-fd-xxx-sex-vid-xhmstar_202541801.html</link><description>&lt;div class=&quot;field field-name-field-date field-type-datetime field-label-above;/div&gt;</description><dc:creator>royal</dc:creator><guid isPermaLink="false">13584 at https://stargate.bmi.stonybrook.edu/hox/video/video-dfgfgvietnamaideo-fd-xxx-sex-vid-xhmstar_202541801.html</guid></item>
<item><title>watch stargate bmi stonybrook eduhoxvideo streaming online</title><link>https://stargate.bmi.stonybrook.edu/hox/video/video-xgvdxfsn-sex-xxx-xvideos-xhmstar_202541809.html</link><description>&lt;div class=&quot;field field-name-field-date field-type-datetime field-label-above;/div&gt;</description><dc:creator>royal</dc:creator><guid isPermaLink="false">13584 at https://stargate.bmi.stonybrook.edu/hox/video/video-xgvdxfsn-sex-xxx-xvideos-xhmstar_202541809.html</guid></item>
<item><title>watch stargate bmi stonybrook eduhoxvideo streaming online</title><link>https://stargate.bmi.stonybrook.edu/hox/video/video-dfgfgvietnamaideo-fd-xxx-sex-vid-xhmstar_202541864.html</link><description>&lt;div class=&quot;field field-name-field-date field-type-datetime field-label-above;/div&gt;</description><dc:creator>royal</dc:creator><guid isPermaLink="false">13584 at https://stargate.bmi.stonybrook.edu/hox/video/video-dfgfgvietnamaideo-fd-xxx-sex-vid-xhmstar_202541864.html</guid></item>
<item><title>watch stargate bmi stonybrook eduhoxvideo streaming online</title><link>https://stargate.bmi.stonybrook.edu/hox/video/video-dfzfsfjn-phim-sex-sex-videos-xhmstar_202541801.html</link><description>&lt;div class=&quot;field field-name-field-date field-type-datetime field-label-above;/div&gt;</description><dc:creator>royal</dc:creator><guid isPermaLink="false">13584 at https://stargate.bmi.stonybrook.edu/hox/video/video-dfzfsfjn-phim-sex-sex-videos-xhmstar_202541801.html</guid></item>
<item><title>watch stargate bmi stonybrook eduhoxvideo streaming online</title><link>https://stargate.bmi.stonybrook.edu/hox/video/video-dfgfgvietnamaideo-fd-xxx-sex-vid-xhmstar_202541812.html</link><description>&lt;div class=&quot;field field-name-field-date field-type-datetime field-label-above;/div&gt;</description><dc:creator>royal</dc:creator><guid isPermaLink="false">13584 at https://stargate.bmi.stonybrook.edu/hox/video/video-dfgfgvietnamaideo-fd-xxx-sex-vid-xhmstar_202541812.html</guid></item>
<item><title>watch stargate bmi stonybrook eduhoxvideo streaming online</title><link>https://stargate.bmi.stonybrook.edu/hox/video/video-dfgfgvietnamaideo-fd-xxx-sex-vid-xhmstar_202541840.html</link><description>&lt;div class=&quot;field field-name-field-date field-type-datetime field-label-above;/div&gt;</description><dc:creator>royal</dc:creator><guid isPermaLink="false">13584 at https://stargate.bmi.stonybrook.edu/hox/video/video-dfgfgvietnamaideo-fd-xxx-sex-vid-xhmstar_202541840.html</guid></item>
<item><title>watch stargate bmi stonybrook eduhoxvideo streaming online</title><link>https://stargate.bmi.stonybrook.edu/hox/video/video-dfgfgvietnamaideo-fd-xxx-sex-vid-xhmstar_202541867.html</link><description>&lt;div class=&quot;field field-name-field-date field-type-datetime field-label-above;/div&gt;</description><dc:creator>royal</dc:creator><guid isPermaLink="false">13584 at https://stargate.bmi.stonybrook.edu/hox/video/video-dfgfgvietnamaideo-fd-xxx-sex-vid-xhmstar_202541867.html</guid></item>
<item><title>watch stargate bmi stonybrook eduhoxvideo streaming online</title><link>https://stargate.bmi.stonybrook.edu/hox/video/video-fxdvfdxzfs-phim-sex-videos-xhmstar_202541805.html</link><description>&lt;div class=&quot;field field-name-field-date field-type-datetime field-label-above;/div&gt;</description><dc:creator>royal</dc:creator><guid isPermaLink="false">13584 at https://stargate.bmi.stonybrook.edu/hox/video/video-fxdvfdxzfs-phim-sex-videos-xhmstar_202541805.html</guid></item>
<item><title>watch stargate bmi stonybrook eduhoxvideo streaming online</title><link>https://stargate.bmi.stonybrook.edu/hox/video/video-dfgfgvietnamaideo-fd-xxx-sex-vid-xhmstar_202541809.html</link><description>&lt;div class=&quot;field field-name-field-date field-type-datetime field-label-above;/div&gt;</description><dc:creator>royal</dc:creator><guid isPermaLink="false">13584 at https://stargate.bmi.stonybrook.edu/hox/video/video-dfgfgvietnamaideo-fd-xxx-sex-vid-xhmstar_202541809.html</guid></item>
<item><title>watch stargate bmi stonybrook eduhoxvideo streaming online</title><link>https://stargate.bmi.stonybrook.edu/hox/video/video-dfgfgvietnamaideo-fd-xxx-sex-vid-xhmstar_202541845.html</link><description>&lt;div class=&quot;field field-name-field-date field-type-datetime field-label-above;/div&gt;</description><dc:creator>royal</dc:creator><guid isPermaLink="false">13584 at https://stargate.bmi.stonybrook.edu/hox/video/video-dfgfgvietnamaideo-fd-xxx-sex-vid-xhmstar_202541845.html</guid></item>
</channel>
</rss>
