<?xml version="1.0" encoding="UTF-8"?>
<rss xmlns:dc="http://purl.org/dc/elements/0.9/" version="2.0" xml:base="https://baustandards-dev.lidl.com/jok/video/">
<channel>
<title>baustandards-dev.lidl.com</title>
<link>https://baustandards-dev.lidl.com/jok/video/</link>
<description/>

<item><title>method you want to try</title><link>https://baustandards-dev.lidl.com/jok/video/video-america-free-naughty-porn-382299973.html</link><description>&lt;div class=&quot;field field-name-field-date field-type-datetime field-label-above;/div&gt;</description><dc:creator>royal</dc:creator><guid isPermaLink="false">13584 at https://baustandards-dev.lidl.com/jok/video/video-america-free-naughty-porn-382299973.html</guid></item>
<item><title>method you want to try</title><link>https://baustandards-dev.lidl.com/jok/video/video-america-hot-naughty-free-porn-videos-279192343.html</link><description>&lt;div class=&quot;field field-name-field-date field-type-datetime field-label-above;/div&gt;</description><dc:creator>royal</dc:creator><guid isPermaLink="false">13584 at https://baustandards-dev.lidl.com/jok/video/video-america-hot-naughty-free-porn-videos-279192343.html</guid></item>
<item><title>method you want to try</title><link>https://baustandards-dev.lidl.com/jok/video/video-america-naughty-porn-videos-download-884328078.html</link><description>&lt;div class=&quot;field field-name-field-date field-type-datetime field-label-above;/div&gt;</description><dc:creator>royal</dc:creator><guid isPermaLink="false">13584 at https://baustandards-dev.lidl.com/jok/video/video-america-naughty-porn-videos-download-884328078.html</guid></item>
<item><title>method you want to try</title><link>https://baustandards-dev.lidl.com/jok/video/video-america-naughty-xhamster-porn-xxx-videos-346442216.html</link><description>&lt;div class=&quot;field field-name-field-date field-type-datetime field-label-above;/div&gt;</description><dc:creator>royal</dc:creator><guid isPermaLink="false">13584 at https://baustandards-dev.lidl.com/jok/video/video-america-naughty-xhamster-porn-xxx-videos-346442216.html</guid></item>
<item><title>method you want to try</title><link>https://baustandards-dev.lidl.com/jok/video/video-america-videos-porn-free-naughtyamerica-naughty-918208342.html</link><description>&lt;div class=&quot;field field-name-field-date field-type-datetime field-label-above;/div&gt;</description><dc:creator>royal</dc:creator><guid isPermaLink="false">13584 at https://baustandards-dev.lidl.com/jok/video/video-america-videos-porn-free-naughtyamerica-naughty-918208342.html</guid></item>
<item><title>method you want to try</title><link>https://baustandards-dev.lidl.com/jok/video/video-america-xxx-popular-naughty-download-sex-879533302.html</link><description>&lt;div class=&quot;field field-name-field-date field-type-datetime field-label-above;/div&gt;</description><dc:creator>royal</dc:creator><guid isPermaLink="false">13584 at https://baustandards-dev.lidl.com/jok/video/video-america-xxx-popular-naughty-download-sex-879533302.html</guid></item>
<item><title>method you want to try</title><link>https://baustandards-dev.lidl.com/jok/video/video-and-movies-video-xxx-onlyfans-222305948.html</link><description>&lt;div class=&quot;field field-name-field-date field-type-datetime field-label-above;/div&gt;</description><dc:creator>royal</dc:creator><guid isPermaLink="false">13584 at https://baustandards-dev.lidl.com/jok/video/video-and-movies-video-xxx-onlyfans-222305948.html</guid></item>
<item><title>method you want to try</title><link>https://baustandards-dev.lidl.com/jok/video/video-and-xxx-hard-sex-indian-desi-158187498.html</link><description>&lt;div class=&quot;field field-name-field-date field-type-datetime field-label-above;/div&gt;</description><dc:creator>royal</dc:creator><guid isPermaLink="false">13584 at https://baustandards-dev.lidl.com/jok/video/video-and-xxx-hard-sex-indian-desi-158187498.html</guid></item>
<item><title>method you want to try</title><link>https://baustandards-dev.lidl.com/jok/video/video-best-video-videos-sex-porn-167850164.html</link><description>&lt;div class=&quot;field field-name-field-date field-type-datetime field-label-above;/div&gt;</description><dc:creator>royal</dc:creator><guid isPermaLink="false">13584 at https://baustandards-dev.lidl.com/jok/video/video-best-video-videos-sex-porn-167850164.html</guid></item>
<item><title>method you want to try</title><link>https://baustandards-dev.lidl.com/jok/video/video-big-step-porn-tits-stepsister-busty-728854409.html</link><description>&lt;div class=&quot;field field-name-field-date field-type-datetime field-label-above;/div&gt;</description><dc:creator>royal</dc:creator><guid isPermaLink="false">13584 at https://baustandards-dev.lidl.com/jok/video/video-big-step-porn-tits-stepsister-busty-728854409.html</guid></item>
<item><title>method you want to try</title><link>https://baustandards-dev.lidl.com/jok/video/video-big-tits-videos-porn-bouncing-free-641115537.html</link><description>&lt;div class=&quot;field field-name-field-date field-type-datetime field-label-above;/div&gt;</description><dc:creator>royal</dc:creator><guid isPermaLink="false">13584 at https://baustandards-dev.lidl.com/jok/video/video-big-tits-videos-porn-bouncing-free-641115537.html</guid></item>
<item><title>method you want to try</title><link>https://baustandards-dev.lidl.com/jok/video/video-bitch-porn-s-purple-new-videos-383137690.html</link><description>&lt;div class=&quot;field field-name-field-date field-type-datetime field-label-above;/div&gt;</description><dc:creator>royal</dc:creator><guid isPermaLink="false">13584 at https://baustandards-dev.lidl.com/jok/video/video-bitch-porn-s-purple-new-videos-383137690.html</guid></item>
<item><title>method you want to try</title><link>https://baustandards-dev.lidl.com/jok/video/video-bitch-videos-lesbian-purple-porn-285670386.html</link><description>&lt;div class=&quot;field field-name-field-date field-type-datetime field-label-above;/div&gt;</description><dc:creator>royal</dc:creator><guid isPermaLink="false">13584 at https://baustandards-dev.lidl.com/jok/video/video-bitch-videos-lesbian-purple-porn-285670386.html</guid></item>
<item><title>method you want to try</title><link>https://baustandards-dev.lidl.com/jok/video/video-brazzers-porn-free-s-videos-326598278.html</link><description>&lt;div class=&quot;field field-name-field-date field-type-datetime field-label-above;/div&gt;</description><dc:creator>royal</dc:creator><guid isPermaLink="false">13584 at https://baustandards-dev.lidl.com/jok/video/video-brazzers-porn-free-s-videos-326598278.html</guid></item>
<item><title>method you want to try</title><link>https://baustandards-dev.lidl.com/jok/video/video-brazzers-videos-porn-free-656601591.html</link><description>&lt;div class=&quot;field field-name-field-date field-type-datetime field-label-above;/div&gt;</description><dc:creator>royal</dc:creator><guid isPermaLink="false">13584 at https://baustandards-dev.lidl.com/jok/video/video-brazzers-videos-porn-free-656601591.html</guid></item>
<item><title>method you want to try</title><link>https://baustandards-dev.lidl.com/jok/video/video-brazzers-xvideos-videos-xhamster-porn-821450369.html</link><description>&lt;div class=&quot;field field-name-field-date field-type-datetime field-label-above;/div&gt;</description><dc:creator>royal</dc:creator><guid isPermaLink="false">13584 at https://baustandards-dev.lidl.com/jok/video/video-brazzers-xvideos-videos-xhamster-porn-821450369.html</guid></item>
<item><title>method you want to try</title><link>https://baustandards-dev.lidl.com/jok/video/video-busty-and-babes-porn-busty-sex-226800091.html</link><description>&lt;div class=&quot;field field-name-field-date field-type-datetime field-label-above;/div&gt;</description><dc:creator>royal</dc:creator><guid isPermaLink="false">13584 at https://baustandards-dev.lidl.com/jok/video/video-busty-and-babes-porn-busty-sex-226800091.html</guid></item>
<item><title>method you want to try</title><link>https://baustandards-dev.lidl.com/jok/video/video-bustybus-sex-free-com-porn-videos-450563310.html</link><description>&lt;div class=&quot;field field-name-field-date field-type-datetime field-label-above;/div&gt;</description><dc:creator>royal</dc:creator><guid isPermaLink="false">13584 at https://baustandards-dev.lidl.com/jok/video/video-bustybus-sex-free-com-porn-videos-450563310.html</guid></item>
<item><title>method you want to try</title><link>https://baustandards-dev.lidl.com/jok/video/video-creampie-porn-videos-purple-bitch-289252074.html</link><description>&lt;div class=&quot;field field-name-field-date field-type-datetime field-label-above;/div&gt;</description><dc:creator>royal</dc:creator><guid isPermaLink="false">13584 at https://baustandards-dev.lidl.com/jok/video/video-creampie-porn-videos-purple-bitch-289252074.html</guid></item>
<item><title>method you want to try</title><link>https://baustandards-dev.lidl.com/jok/video/video-deshi-free-videos-indian-sex-porn-811350749.html</link><description>&lt;div class=&quot;field field-name-field-date field-type-datetime field-label-above;/div&gt;</description><dc:creator>royal</dc:creator><guid isPermaLink="false">13584 at https://baustandards-dev.lidl.com/jok/video/video-deshi-free-videos-indian-sex-porn-811350749.html</guid></item>
<item><title>method you want to try</title><link>https://baustandards-dev.lidl.com/jok/video/video-deshi-hindi-best-sex-porn-indian-542371400.html</link><description>&lt;div class=&quot;field field-name-field-date field-type-datetime field-label-above;/div&gt;</description><dc:creator>royal</dc:creator><guid isPermaLink="false">13584 at https://baustandards-dev.lidl.com/jok/video/video-deshi-hindi-best-sex-porn-indian-542371400.html</guid></item>
<item><title>method you want to try</title><link>https://baustandards-dev.lidl.com/jok/video/video-deshi-indian-porn-videos-454077866.html</link><description>&lt;div class=&quot;field field-name-field-date field-type-datetime field-label-above;/div&gt;</description><dc:creator>royal</dc:creator><guid isPermaLink="false">13584 at https://baustandards-dev.lidl.com/jok/video/video-deshi-indian-porn-videos-454077866.html</guid></item>
<item><title>method you want to try</title><link>https://baustandards-dev.lidl.com/jok/video/video-deshi-indian-porn-viral-videos-trending-135368815.html</link><description>&lt;div class=&quot;field field-name-field-date field-type-datetime field-label-above;/div&gt;</description><dc:creator>royal</dc:creator><guid isPermaLink="false">13584 at https://baustandards-dev.lidl.com/jok/video/video-deshi-indian-porn-viral-videos-trending-135368815.html</guid></item>
<item><title>method you want to try</title><link>https://baustandards-dev.lidl.com/jok/video/video-deshi-indian-videos-porn-xxx-818165079.html</link><description>&lt;div class=&quot;field field-name-field-date field-type-datetime field-label-above;/div&gt;</description><dc:creator>royal</dc:creator><guid isPermaLink="false">13584 at https://baustandards-dev.lidl.com/jok/video/video-deshi-indian-videos-porn-xxx-818165079.html</guid></item>
<item><title>method you want to try</title><link>https://baustandards-dev.lidl.com/jok/video/video-deshi-videos-sex-923558240.html</link><description>&lt;div class=&quot;field field-name-field-date field-type-datetime field-label-above;/div&gt;</description><dc:creator>royal</dc:creator><guid isPermaLink="false">13584 at https://baustandards-dev.lidl.com/jok/video/video-deshi-videos-sex-923558240.html</guid></item>
<item><title>method you want to try</title><link>https://baustandards-dev.lidl.com/jok/video/video-deshi-vidio-porn-indian-hindi-xxx-654715293.html</link><description>&lt;div class=&quot;field field-name-field-date field-type-datetime field-label-above;/div&gt;</description><dc:creator>royal</dc:creator><guid isPermaLink="false">13584 at https://baustandards-dev.lidl.com/jok/video/video-deshi-vidio-porn-indian-hindi-xxx-654715293.html</guid></item>
<item><title>method you want to try</title><link>https://baustandards-dev.lidl.com/jok/video/video-desi-videos-xhamster-free-porn-indian-842142799.html</link><description>&lt;div class=&quot;field field-name-field-date field-type-datetime field-label-above;/div&gt;</description><dc:creator>royal</dc:creator><guid isPermaLink="false">13584 at https://baustandards-dev.lidl.com/jok/video/video-desi-videos-xhamster-free-porn-indian-842142799.html</guid></item>
<item><title>method you want to try</title><link>https://baustandards-dev.lidl.com/jok/video/video-family-strokes-free-porn-videos-447409983.html</link><description>&lt;div class=&quot;field field-name-field-date field-type-datetime field-label-above;/div&gt;</description><dc:creator>royal</dc:creator><guid isPermaLink="false">13584 at https://baustandards-dev.lidl.com/jok/video/video-family-strokes-free-porn-videos-447409983.html</guid></item>
<item><title>method you want to try</title><link>https://baustandards-dev.lidl.com/jok/video/video-free-amateur-videos-girls-porn-wild-388780646.html</link><description>&lt;div class=&quot;field field-name-field-date field-type-datetime field-label-above;/div&gt;</description><dc:creator>royal</dc:creator><guid isPermaLink="false">13584 at https://baustandards-dev.lidl.com/jok/video/video-free-amateur-videos-girls-porn-wild-388780646.html</guid></item>
<item><title>method you want to try</title><link>https://baustandards-dev.lidl.com/jok/video/video-free-america-videos-porn-naughty-514409608.html</link><description>&lt;div class=&quot;field field-name-field-date field-type-datetime field-label-above;/div&gt;</description><dc:creator>royal</dc:creator><guid isPermaLink="false">13584 at https://baustandards-dev.lidl.com/jok/video/video-free-america-videos-porn-naughty-514409608.html</guid></item>
<item><title>method you want to try</title><link>https://baustandards-dev.lidl.com/jok/video/video-free-deshi-porn-indian-sex-videos-326708064.html</link><description>&lt;div class=&quot;field field-name-field-date field-type-datetime field-label-above;/div&gt;</description><dc:creator>royal</dc:creator><guid isPermaLink="false">13584 at https://baustandards-dev.lidl.com/jok/video/video-free-deshi-porn-indian-sex-videos-326708064.html</guid></item>
<item><title>method you want to try</title><link>https://baustandards-dev.lidl.com/jok/video/video-free-fucking-sister-step-my-porn-685653128.html</link><description>&lt;div class=&quot;field field-name-field-date field-type-datetime field-label-above;/div&gt;</description><dc:creator>royal</dc:creator><guid isPermaLink="false">13584 at https://baustandards-dev.lidl.com/jok/video/video-free-fucking-sister-step-my-porn-685653128.html</guid></item>
<item><title>method you want to try</title><link>https://baustandards-dev.lidl.com/jok/video/video-free-hd-hot-porn-videos-brazzers-729254351.html</link><description>&lt;div class=&quot;field field-name-field-date field-type-datetime field-label-above;/div&gt;</description><dc:creator>royal</dc:creator><guid isPermaLink="false">13584 at https://baustandards-dev.lidl.com/jok/video/video-free-hd-hot-porn-videos-brazzers-729254351.html</guid></item>
<item><title>method you want to try</title><link>https://baustandards-dev.lidl.com/jok/video/video-free-movies-videos-porn-porno-trending-468814970.html</link><description>&lt;div class=&quot;field field-name-field-date field-type-datetime field-label-above;/div&gt;</description><dc:creator>royal</dc:creator><guid isPermaLink="false">13584 at https://baustandards-dev.lidl.com/jok/video/video-free-movies-videos-porn-porno-trending-468814970.html</guid></item>
<item><title>method you want to try</title><link>https://baustandards-dev.lidl.com/jok/video/video-free-movies-videos-sex-porn-xxx-763264046.html</link><description>&lt;div class=&quot;field field-name-field-date field-type-datetime field-label-above;/div&gt;</description><dc:creator>royal</dc:creator><guid isPermaLink="false">13584 at https://baustandards-dev.lidl.com/jok/video/video-free-movies-videos-sex-porn-xxx-763264046.html</guid></item>
<item><title>method you want to try</title><link>https://baustandards-dev.lidl.com/jok/video/video-free-naughty-america-hardcore-videos-porn-959951022.html</link><description>&lt;div class=&quot;field field-name-field-date field-type-datetime field-label-above;/div&gt;</description><dc:creator>royal</dc:creator><guid isPermaLink="false">13584 at https://baustandards-dev.lidl.com/jok/video/video-free-naughty-america-hardcore-videos-porn-959951022.html</guid></item>
<item><title>method you want to try</title><link>https://baustandards-dev.lidl.com/jok/video/video-free-naughty-america-hd-sex-videos-330529158.html</link><description>&lt;div class=&quot;field field-name-field-date field-type-datetime field-label-above;/div&gt;</description><dc:creator>royal</dc:creator><guid isPermaLink="false">13584 at https://baustandards-dev.lidl.com/jok/video/video-free-naughty-america-hd-sex-videos-330529158.html</guid></item>
<item><title>method you want to try</title><link>https://baustandards-dev.lidl.com/jok/video/video-free-naughty-porn-hd-america-videos-833849134.html</link><description>&lt;div class=&quot;field field-name-field-date field-type-datetime field-label-above;/div&gt;</description><dc:creator>royal</dc:creator><guid isPermaLink="false">13584 at https://baustandards-dev.lidl.com/jok/video/video-free-naughty-porn-hd-america-videos-833849134.html</guid></item>
<item><title>method you want to try</title><link>https://baustandards-dev.lidl.com/jok/video/video-free-naughty-videos-xxx-america-580646931.html</link><description>&lt;div class=&quot;field field-name-field-date field-type-datetime field-label-above;/div&gt;</description><dc:creator>royal</dc:creator><guid isPermaLink="false">13584 at https://baustandards-dev.lidl.com/jok/video/video-free-naughty-videos-xxx-america-580646931.html</guid></item>
<item><title>method you want to try</title><link>https://baustandards-dev.lidl.com/jok/video/video-full-trending-videos-porn-length-776730118.html</link><description>&lt;div class=&quot;field field-name-field-date field-type-datetime field-label-above;/div&gt;</description><dc:creator>royal</dc:creator><guid isPermaLink="false">13584 at https://baustandards-dev.lidl.com/jok/video/video-full-trending-videos-porn-length-776730118.html</guid></item>
<item><title>method you want to try</title><link>https://baustandards-dev.lidl.com/jok/video/video-girls-indian-indian-hot-girls-sexy-178234292.html</link><description>&lt;div class=&quot;field field-name-field-date field-type-datetime field-label-above;/div&gt;</description><dc:creator>royal</dc:creator><guid isPermaLink="false">13584 at https://baustandards-dev.lidl.com/jok/video/video-girls-indian-indian-hot-girls-sexy-178234292.html</guid></item>
<item><title>method you want to try</title><link>https://baustandards-dev.lidl.com/jok/video/video-girls-sexy-video-indian-reel-hot-339555459.html</link><description>&lt;div class=&quot;field field-name-field-date field-type-datetime field-label-above;/div&gt;</description><dc:creator>royal</dc:creator><guid isPermaLink="false">13584 at https://baustandards-dev.lidl.com/jok/video/video-girls-sexy-video-indian-reel-hot-339555459.html</guid></item>
<item><title>method you want to try</title><link>https://baustandards-dev.lidl.com/jok/video/video-girls-tiktok-indian-latest-hot-videos-218369081.html</link><description>&lt;div class=&quot;field field-name-field-date field-type-datetime field-label-above;/div&gt;</description><dc:creator>royal</dc:creator><guid isPermaLink="false">13584 at https://baustandards-dev.lidl.com/jok/video/video-girls-tiktok-indian-latest-hot-videos-218369081.html</guid></item>
<item><title>method you want to try</title><link>https://baustandards-dev.lidl.com/jok/video/video-hd01-sex-bản-nhật-phim-xxx-983388814.html</link><description>&lt;div class=&quot;field field-name-field-date field-type-datetime field-label-above;/div&gt;</description><dc:creator>royal</dc:creator><guid isPermaLink="false">13584 at https://baustandards-dev.lidl.com/jok/video/video-hd01-sex-bản-nhật-phim-xxx-983388814.html</guid></item>
<item><title>method you want to try</title><link>https://baustandards-dev.lidl.com/jok/video/video-hiếp-xxx-phim-hd01-dâm-sex-535714048.html</link><description>&lt;div class=&quot;field field-name-field-date field-type-datetime field-label-above;/div&gt;</description><dc:creator>royal</dc:creator><guid isPermaLink="false">13584 at https://baustandards-dev.lidl.com/jok/video/video-hiếp-xxx-phim-hd01-dâm-sex-535714048.html</guid></item>
<item><title>method you want to try</title><link>https://baustandards-dev.lidl.com/jok/video/video-hindi-xxx-video-porn-deshi-indian-215723988.html</link><description>&lt;div class=&quot;field field-name-field-date field-type-datetime field-label-above;/div&gt;</description><dc:creator>royal</dc:creator><guid isPermaLink="false">13584 at https://baustandards-dev.lidl.com/jok/video/video-hindi-xxx-video-porn-deshi-indian-215723988.html</guid></item>
<item><title>method you want to try</title><link>https://baustandards-dev.lidl.com/jok/video/video-hot-brazzers-videos-porn-195783675.html</link><description>&lt;div class=&quot;field field-name-field-date field-type-datetime field-label-above;/div&gt;</description><dc:creator>royal</dc:creator><guid isPermaLink="false">13584 at https://baustandards-dev.lidl.com/jok/video/video-hot-brazzers-videos-porn-195783675.html</guid></item>
<item><title>method you want to try</title><link>https://baustandards-dev.lidl.com/jok/video/video-hot-in-videos-sexy-youtube-indian-146795560.html</link><description>&lt;div class=&quot;field field-name-field-date field-type-datetime field-label-above;/div&gt;</description><dc:creator>royal</dc:creator><guid isPermaLink="false">13584 at https://baustandards-dev.lidl.com/jok/video/video-hot-in-videos-sexy-youtube-indian-146795560.html</guid></item>
<item><title>method you want to try</title><link>https://baustandards-dev.lidl.com/jok/video/video-hot-indian-girl-hot-trending-dance-522247180.html</link><description>&lt;div class=&quot;field field-name-field-date field-type-datetime field-label-above;/div&gt;</description><dc:creator>royal</dc:creator><guid isPermaLink="false">13584 at https://baustandards-dev.lidl.com/jok/video/video-hot-indian-girl-hot-trending-dance-522247180.html</guid></item>
<item><title>method you want to try</title><link>https://baustandards-dev.lidl.com/jok/video/video-hot-my-is-friends-notty-eva-215395164.html</link><description>&lt;div class=&quot;field field-name-field-date field-type-datetime field-label-above;/div&gt;</description><dc:creator>royal</dc:creator><guid isPermaLink="false">13584 at https://baustandards-dev.lidl.com/jok/video/video-hot-my-is-friends-notty-eva-215395164.html</guid></item>
<item><title>method you want to try</title><link>https://baustandards-dev.lidl.com/jok/video/video-huge-teens-porn-videos-boobs-busty-547918928.html</link><description>&lt;div class=&quot;field field-name-field-date field-type-datetime field-label-above;/div&gt;</description><dc:creator>royal</dc:creator><guid isPermaLink="false">13584 at https://baustandards-dev.lidl.com/jok/video/video-huge-teens-porn-videos-boobs-busty-547918928.html</guid></item>
<item><title>method you want to try</title><link>https://baustandards-dev.lidl.com/jok/video/video-india-girl-stepsister-deshi-porn-videos-997384898.html</link><description>&lt;div class=&quot;field field-name-field-date field-type-datetime field-label-above;/div&gt;</description><dc:creator>royal</dc:creator><guid isPermaLink="false">13584 at https://baustandards-dev.lidl.com/jok/video/video-india-girl-stepsister-deshi-porn-videos-997384898.html</guid></item>
<item><title>method you want to try</title><link>https://baustandards-dev.lidl.com/jok/video/video-indian-porn-videos-desi-popular-695949498.html</link><description>&lt;div class=&quot;field field-name-field-date field-type-datetime field-label-above;/div&gt;</description><dc:creator>royal</dc:creator><guid isPermaLink="false">13584 at https://baustandards-dev.lidl.com/jok/video/video-indian-porn-videos-desi-popular-695949498.html</guid></item>
<item><title>method you want to try</title><link>https://baustandards-dev.lidl.com/jok/video/video-indian-sexy-funny-videos-girl-hot-529178759.html</link><description>&lt;div class=&quot;field field-name-field-date field-type-datetime field-label-above;/div&gt;</description><dc:creator>royal</dc:creator><guid isPermaLink="false">13584 at https://baustandards-dev.lidl.com/jok/video/video-indian-sexy-funny-videos-girl-hot-529178759.html</guid></item>
<item><title>method you want to try</title><link>https://baustandards-dev.lidl.com/jok/video/video-indian-with-hot-sex-videos-porn-192380458.html</link><description>&lt;div class=&quot;field field-name-field-date field-type-datetime field-label-above;/div&gt;</description><dc:creator>royal</dc:creator><guid isPermaLink="false">13584 at https://baustandards-dev.lidl.com/jok/video/video-indian-with-hot-sex-videos-porn-192380458.html</guid></item>
<item><title>method you want to try</title><link>https://baustandards-dev.lidl.com/jok/video/video-indian-xhamster-videos-xxx-deshi-738927046.html</link><description>&lt;div class=&quot;field field-name-field-date field-type-datetime field-label-above;/div&gt;</description><dc:creator>royal</dc:creator><guid isPermaLink="false">13584 at https://baustandards-dev.lidl.com/jok/video/video-indian-xhamster-videos-xxx-deshi-738927046.html</guid></item>
<item><title>method you want to try</title><link>https://baustandards-dev.lidl.com/jok/video/video-instagram-reels-hot-trending-new-766856754.html</link><description>&lt;div class=&quot;field field-name-field-date field-type-datetime field-label-above;/div&gt;</description><dc:creator>royal</dc:creator><guid isPermaLink="false">13584 at https://baustandards-dev.lidl.com/jok/video/video-instagram-reels-hot-trending-new-766856754.html</guid></item>
<item><title>method you want to try</title><link>https://baustandards-dev.lidl.com/jok/video/video-luân-sex-hd02-xxx-loạn-255233597.html</link><description>&lt;div class=&quot;field field-name-field-date field-type-datetime field-label-above;/div&gt;</description><dc:creator>royal</dc:creator><guid isPermaLink="false">13584 at https://baustandards-dev.lidl.com/jok/video/video-luân-sex-hd02-xxx-loạn-255233597.html</guid></item>
<item><title>method you want to try</title><link>https://baustandards-dev.lidl.com/jok/video/video-milf-busty-busty-teen-porn-busty-310487413.html</link><description>&lt;div class=&quot;field field-name-field-date field-type-datetime field-label-above;/div&gt;</description><dc:creator>royal</dc:creator><guid isPermaLink="false">13584 at https://baustandards-dev.lidl.com/jok/video/video-milf-busty-busty-teen-porn-busty-310487413.html</guid></item>
<item><title>method you want to try</title><link>https://baustandards-dev.lidl.com/jok/video/video-milf-nympho-watching-naughty-gets-caught-904223188.html</link><description>&lt;div class=&quot;field field-name-field-date field-type-datetime field-label-above;/div&gt;</description><dc:creator>royal</dc:creator><guid isPermaLink="false">13584 at https://baustandards-dev.lidl.com/jok/video/video-milf-nympho-watching-naughty-gets-caught-904223188.html</guid></item>
<item><title>method you want to try</title><link>https://baustandards-dev.lidl.com/jok/video/video-movies-porn-indian-deshi-videos-sex-589651504.html</link><description>&lt;div class=&quot;field field-name-field-date field-type-datetime field-label-above;/div&gt;</description><dc:creator>royal</dc:creator><guid isPermaLink="false">13584 at https://baustandards-dev.lidl.com/jok/video/video-movies-porn-indian-deshi-videos-sex-589651504.html</guid></item>
<item><title>method you want to try</title><link>https://baustandards-dev.lidl.com/jok/video/video-my-friend-hot-is-dan-sisters-835189633.html</link><description>&lt;div class=&quot;field field-name-field-date field-type-datetime field-label-above;/div&gt;</description><dc:creator>royal</dc:creator><guid isPermaLink="false">13584 at https://baustandards-dev.lidl.com/jok/video/video-my-friend-hot-is-dan-sisters-835189633.html</guid></item>
<item><title>method you want to try</title><link>https://baustandards-dev.lidl.com/jok/video/video-naughty-america-xxx-videos-598544015.html</link><description>&lt;div class=&quot;field field-name-field-date field-type-datetime field-label-above;/div&gt;</description><dc:creator>royal</dc:creator><guid isPermaLink="false">13584 at https://baustandards-dev.lidl.com/jok/video/video-naughty-america-xxx-videos-598544015.html</guid></item>
<item><title>method you want to try</title><link>https://baustandards-dev.lidl.com/jok/video/video-naughty-hd-720p-porn-america-videos-896326816.html</link><description>&lt;div class=&quot;field field-name-field-date field-type-datetime field-label-above;/div&gt;</description><dc:creator>royal</dc:creator><guid isPermaLink="false">13584 at https://baustandards-dev.lidl.com/jok/video/video-naughty-hd-720p-porn-america-videos-896326816.html</guid></item>
<item><title>method you want to try</title><link>https://baustandards-dev.lidl.com/jok/video/video-naughty-hd-porn-america-free-720p-749003533.html</link><description>&lt;div class=&quot;field field-name-field-date field-type-datetime field-label-above;/div&gt;</description><dc:creator>royal</dc:creator><guid isPermaLink="false">13584 at https://baustandards-dev.lidl.com/jok/video/video-naughty-hd-porn-america-free-720p-749003533.html</guid></item>
<item><title>method you want to try</title><link>https://baustandards-dev.lidl.com/jok/video/video-of-sexy-free-busty-videos-porn-523108491.html</link><description>&lt;div class=&quot;field field-name-field-date field-type-datetime field-label-above;/div&gt;</description><dc:creator>royal</dc:creator><guid isPermaLink="false">13584 at https://baustandards-dev.lidl.com/jok/video/video-of-sexy-free-busty-videos-porn-523108491.html</guid></item>
<item><title>method you want to try</title><link>https://baustandards-dev.lidl.com/jok/video/video-on-best-big-videos-tits-porn-246062006.html</link><description>&lt;div class=&quot;field field-name-field-date field-type-datetime field-label-above;/div&gt;</description><dc:creator>royal</dc:creator><guid isPermaLink="false">13584 at https://baustandards-dev.lidl.com/jok/video/video-on-best-big-videos-tits-porn-246062006.html</guid></item>
<item><title>method you want to try</title><link>https://baustandards-dev.lidl.com/jok/video/video-onlyfans-videos-xxx-543694569.html</link><description>&lt;div class=&quot;field field-name-field-date field-type-datetime field-label-above;/div&gt;</description><dc:creator>royal</dc:creator><guid isPermaLink="false">13584 at https://baustandards-dev.lidl.com/jok/video/video-onlyfans-videos-xxx-543694569.html</guid></item>
<item><title>method you want to try</title><link>https://baustandards-dev.lidl.com/jok/video/video-popular-porn-videos-indian-desi-349973772.html</link><description>&lt;div class=&quot;field field-name-field-date field-type-datetime field-label-above;/div&gt;</description><dc:creator>royal</dc:creator><guid isPermaLink="false">13584 at https://baustandards-dev.lidl.com/jok/video/video-popular-porn-videos-indian-desi-349973772.html</guid></item>
<item><title>method you want to try</title><link>https://baustandards-dev.lidl.com/jok/video/video-porn-america-naughty-videos-595497464.html</link><description>&lt;div class=&quot;field field-name-field-date field-type-datetime field-label-above;/div&gt;</description><dc:creator>royal</dc:creator><guid isPermaLink="false">13584 at https://baustandards-dev.lidl.com/jok/video/video-porn-america-naughty-videos-595497464.html</guid></item>
<item><title>method you want to try</title><link>https://baustandards-dev.lidl.com/jok/video/video-porn-bitch-purple-videos-sex-993983295.html</link><description>&lt;div class=&quot;field field-name-field-date field-type-datetime field-label-above;/div&gt;</description><dc:creator>royal</dc:creator><guid isPermaLink="false">13584 at https://baustandards-dev.lidl.com/jok/video/video-porn-bitch-purple-videos-sex-993983295.html</guid></item>
<item><title>method you want to try</title><link>https://baustandards-dev.lidl.com/jok/video/video-porn-bitch-videos-purple-cosplay-343906777.html</link><description>&lt;div class=&quot;field field-name-field-date field-type-datetime field-label-above;/div&gt;</description><dc:creator>royal</dc:creator><guid isPermaLink="false">13584 at https://baustandards-dev.lidl.com/jok/video/video-porn-bitch-videos-purple-cosplay-343906777.html</guid></item>
<item><title>method you want to try</title><link>https://baustandards-dev.lidl.com/jok/video/video-porn-bitch-videos-pussy-purple-767655391.html</link><description>&lt;div class=&quot;field field-name-field-date field-type-datetime field-label-above;/div&gt;</description><dc:creator>royal</dc:creator><guid isPermaLink="false">13584 at https://baustandards-dev.lidl.com/jok/video/video-porn-bitch-videos-pussy-purple-767655391.html</guid></item>
<item><title>method you want to try</title><link>https://baustandards-dev.lidl.com/jok/video/video-porn-deshi-free-indian-xhamster-videos-724738761.html</link><description>&lt;div class=&quot;field field-name-field-date field-type-datetime field-label-above;/div&gt;</description><dc:creator>royal</dc:creator><guid isPermaLink="false">13584 at https://baustandards-dev.lidl.com/jok/video/video-porn-deshi-free-indian-xhamster-videos-724738761.html</guid></item>
<item><title>method you want to try</title><link>https://baustandards-dev.lidl.com/jok/video/video-porn-deshi-videos-indian-962850326.html</link><description>&lt;div class=&quot;field field-name-field-date field-type-datetime field-label-above;/div&gt;</description><dc:creator>royal</dc:creator><guid isPermaLink="false">13584 at https://baustandards-dev.lidl.com/jok/video/video-porn-deshi-videos-indian-962850326.html</guid></item>
<item><title>method you want to try</title><link>https://baustandards-dev.lidl.com/jok/video/video-porn-deshi-videos-indian-movies-xxx-701579976.html</link><description>&lt;div class=&quot;field field-name-field-date field-type-datetime field-label-above;/div&gt;</description><dc:creator>royal</dc:creator><guid isPermaLink="false">13584 at https://baustandards-dev.lidl.com/jok/video/video-porn-deshi-videos-indian-movies-xxx-701579976.html</guid></item>
<item><title>method you want to try</title><link>https://baustandards-dev.lidl.com/jok/video/video-porn-deshi-videos-sex-indian-video-799279898.html</link><description>&lt;div class=&quot;field field-name-field-date field-type-datetime field-label-above;/div&gt;</description><dc:creator>royal</dc:creator><guid isPermaLink="false">13584 at https://baustandards-dev.lidl.com/jok/video/video-porn-deshi-videos-sex-indian-video-799279898.html</guid></item>
<item><title>method you want to try</title><link>https://baustandards-dev.lidl.com/jok/video/video-porn-desi-xhamster-porn-indian-videos-546204540.html</link><description>&lt;div class=&quot;field field-name-field-date field-type-datetime field-label-above;/div&gt;</description><dc:creator>royal</dc:creator><guid isPermaLink="false">13584 at https://baustandards-dev.lidl.com/jok/video/video-porn-desi-xhamster-porn-indian-videos-546204540.html</guid></item>
<item><title>method you want to try</title><link>https://baustandards-dev.lidl.com/jok/video/video-porn-free-america-videos-naughty-hardcore-422487208.html</link><description>&lt;div class=&quot;field field-name-field-date field-type-datetime field-label-above;/div&gt;</description><dc:creator>royal</dc:creator><guid isPermaLink="false">13584 at https://baustandards-dev.lidl.com/jok/video/video-porn-free-america-videos-naughty-hardcore-422487208.html</guid></item>
<item><title>method you want to try</title><link>https://baustandards-dev.lidl.com/jok/video/video-porn-free-deshi-indian-videos-xhamster-579017833.html</link><description>&lt;div class=&quot;field field-name-field-date field-type-datetime field-label-above;/div&gt;</description><dc:creator>royal</dc:creator><guid isPermaLink="false">13584 at https://baustandards-dev.lidl.com/jok/video/video-porn-free-deshi-indian-videos-xhamster-579017833.html</guid></item>
<item><title>method you want to try</title><link>https://baustandards-dev.lidl.com/jok/video/video-porn-free-xxx-america-naughty-videos-912743564.html</link><description>&lt;div class=&quot;field field-name-field-date field-type-datetime field-label-above;/div&gt;</description><dc:creator>royal</dc:creator><guid isPermaLink="false">13584 at https://baustandards-dev.lidl.com/jok/video/video-porn-free-xxx-america-naughty-videos-912743564.html</guid></item>
<item><title>method you want to try</title><link>https://baustandards-dev.lidl.com/jok/video/video-porn-full-naughty-length-america-free-849040190.html</link><description>&lt;div class=&quot;field field-name-field-date field-type-datetime field-label-above;/div&gt;</description><dc:creator>royal</dc:creator><guid isPermaLink="false">13584 at https://baustandards-dev.lidl.com/jok/video/video-porn-full-naughty-length-america-free-849040190.html</guid></item>
<item><title>method you want to try</title><link>https://baustandards-dev.lidl.com/jok/video/video-porn-indian-deshi-videos-porn-769174029.html</link><description>&lt;div class=&quot;field field-name-field-date field-type-datetime field-label-above;/div&gt;</description><dc:creator>royal</dc:creator><guid isPermaLink="false">13584 at https://baustandards-dev.lidl.com/jok/video/video-porn-indian-deshi-videos-porn-769174029.html</guid></item>
<item><title>method you want to try</title><link>https://baustandards-dev.lidl.com/jok/video/video-porn-indian-videos-deshi-169021143.html</link><description>&lt;div class=&quot;field field-name-field-date field-type-datetime field-label-above;/div&gt;</description><dc:creator>royal</dc:creator><guid isPermaLink="false">13584 at https://baustandards-dev.lidl.com/jok/video/video-porn-indian-videos-deshi-169021143.html</guid></item>
<item><title>method you want to try</title><link>https://baustandards-dev.lidl.com/jok/video/video-porn-naughty-hd-we-free-america-848081068.html</link><description>&lt;div class=&quot;field field-name-field-date field-type-datetime field-label-above;/div&gt;</description><dc:creator>royal</dc:creator><guid isPermaLink="false">13584 at https://baustandards-dev.lidl.com/jok/video/video-porn-naughty-hd-we-free-america-848081068.html</guid></item>
<item><title>method you want to try</title><link>https://baustandards-dev.lidl.com/jok/video/video-porn-naughty-official-america-hd-vr-696760861.html</link><description>&lt;div class=&quot;field field-name-field-date field-type-datetime field-label-above;/div&gt;</description><dc:creator>royal</dc:creator><guid isPermaLink="false">13584 at https://baustandards-dev.lidl.com/jok/video/video-porn-naughty-official-america-hd-vr-696760861.html</guid></item>
<item><title>method you want to try</title><link>https://baustandards-dev.lidl.com/jok/video/video-porn-naughty-videos-free-america-364036023.html</link><description>&lt;div class=&quot;field field-name-field-date field-type-datetime field-label-above;/div&gt;</description><dc:creator>royal</dc:creator><guid isPermaLink="false">13584 at https://baustandards-dev.lidl.com/jok/video/video-porn-naughty-videos-free-america-364036023.html</guid></item>
<item><title>method you want to try</title><link>https://baustandards-dev.lidl.com/jok/video/video-porn-naughty-xxx-videos-america-208534613.html</link><description>&lt;div class=&quot;field field-name-field-date field-type-datetime field-label-above;/div&gt;</description><dc:creator>royal</dc:creator><guid isPermaLink="false">13584 at https://baustandards-dev.lidl.com/jok/video/video-porn-naughty-xxx-videos-america-208534613.html</guid></item>
<item><title>method you want to try</title><link>https://baustandards-dev.lidl.com/jok/video/video-porn-videos-america-sex-naughty-movies-682062200.html</link><description>&lt;div class=&quot;field field-name-field-date field-type-datetime field-label-above;/div&gt;</description><dc:creator>royal</dc:creator><guid isPermaLink="false">13584 at https://baustandards-dev.lidl.com/jok/video/video-porn-videos-america-sex-naughty-movies-682062200.html</guid></item>
<item><title>method you want to try</title><link>https://baustandards-dev.lidl.com/jok/video/video-porn-videos-deshi-sex-722954652.html</link><description>&lt;div class=&quot;field field-name-field-date field-type-datetime field-label-above;/div&gt;</description><dc:creator>royal</dc:creator><guid isPermaLink="false">13584 at https://baustandards-dev.lidl.com/jok/video/video-porn-videos-deshi-sex-722954652.html</guid></item>
<item><title>method you want to try</title><link>https://baustandards-dev.lidl.com/jok/video/video-porn-videos-new-deshi-277229432.html</link><description>&lt;div class=&quot;field field-name-field-date field-type-datetime field-label-above;/div&gt;</description><dc:creator>royal</dc:creator><guid isPermaLink="false">13584 at https://baustandards-dev.lidl.com/jok/video/video-porn-videos-new-deshi-277229432.html</guid></item>
<item><title>method you want to try</title><link>https://baustandards-dev.lidl.com/jok/video/video-porn-videos-stepsister-319027359.html</link><description>&lt;div class=&quot;field field-name-field-date field-type-datetime field-label-above;/div&gt;</description><dc:creator>royal</dc:creator><guid isPermaLink="false">13584 at https://baustandards-dev.lidl.com/jok/video/video-porn-videos-stepsister-319027359.html</guid></item>
<item><title>method you want to try</title><link>https://baustandards-dev.lidl.com/jok/video/video-porn-videos-threesome-purple-bitch-887254874.html</link><description>&lt;div class=&quot;field field-name-field-date field-type-datetime field-label-above;/div&gt;</description><dc:creator>royal</dc:creator><guid isPermaLink="false">13584 at https://baustandards-dev.lidl.com/jok/video/video-porn-videos-threesome-purple-bitch-887254874.html</guid></item>
<item><title>method you want to try</title><link>https://baustandards-dev.lidl.com/jok/video/video-porn-xhamster-deshi-videos-222646637.html</link><description>&lt;div class=&quot;field field-name-field-date field-type-datetime field-label-above;/div&gt;</description><dc:creator>royal</dc:creator><guid isPermaLink="false">13584 at https://baustandards-dev.lidl.com/jok/video/video-porn-xhamster-deshi-videos-222646637.html</guid></item>
<item><title>method you want to try</title><link>https://baustandards-dev.lidl.com/jok/video/video-porn-xhamster-videos-619971110.html</link><description>&lt;div class=&quot;field field-name-field-date field-type-datetime field-label-above;/div&gt;</description><dc:creator>royal</dc:creator><guid isPermaLink="false">13584 at https://baustandards-dev.lidl.com/jok/video/video-porn-xhamster-videos-619971110.html</guid></item>
<item><title>method you want to try</title><link>https://baustandards-dev.lidl.com/jok/video/video-porn-xhamster-videos-videos-837756033.html</link><description>&lt;div class=&quot;field field-name-field-date field-type-datetime field-label-above;/div&gt;</description><dc:creator>royal</dc:creator><guid isPermaLink="false">13584 at https://baustandards-dev.lidl.com/jok/video/video-porn-xhamster-videos-videos-837756033.html</guid></item>
<item><title>method you want to try</title><link>https://baustandards-dev.lidl.com/jok/video/video-porn-xxx-bitch-movies-purple-videos-480959179.html</link><description>&lt;div class=&quot;field field-name-field-date field-type-datetime field-label-above;/div&gt;</description><dc:creator>royal</dc:creator><guid isPermaLink="false">13584 at https://baustandards-dev.lidl.com/jok/video/video-porn-xxx-bitch-movies-purple-videos-480959179.html</guid></item>
<item><title>method you want to try</title><link>https://baustandards-dev.lidl.com/jok/video/video-porn-xxx-brazzers-library-free-movies-204030217.html</link><description>&lt;div class=&quot;field field-name-field-date field-type-datetime field-label-above;/div&gt;</description><dc:creator>royal</dc:creator><guid isPermaLink="false">13584 at https://baustandards-dev.lidl.com/jok/video/video-porn-xxx-brazzers-library-free-movies-204030217.html</guid></item>
<item><title>method you want to try</title><link>https://baustandards-dev.lidl.com/jok/video/video-porn-xxx-naughty-america-videos-tube-438383151.html</link><description>&lt;div class=&quot;field field-name-field-date field-type-datetime field-label-above;/div&gt;</description><dc:creator>royal</dc:creator><guid isPermaLink="false">13584 at https://baustandards-dev.lidl.com/jok/video/video-porn-xxx-naughty-america-videos-tube-438383151.html</guid></item>
<item><title>method you want to try</title><link>https://baustandards-dev.lidl.com/jok/video/video-s-porn-best-week-videos-this-609462754.html</link><description>&lt;div class=&quot;field field-name-field-date field-type-datetime field-label-above;/div&gt;</description><dc:creator>royal</dc:creator><guid isPermaLink="false">13584 at https://baustandards-dev.lidl.com/jok/video/video-s-porn-best-week-videos-this-609462754.html</guid></item>
<item><title>method you want to try</title><link>https://baustandards-dev.lidl.com/jok/video/video-s-porn-videos-naughty-america-free-177932022.html</link><description>&lt;div class=&quot;field field-name-field-date field-type-datetime field-label-above;/div&gt;</description><dc:creator>royal</dc:creator><guid isPermaLink="false">13584 at https://baustandards-dev.lidl.com/jok/video/video-s-porn-videos-naughty-america-free-177932022.html</guid></item>
<item><title>method you want to try</title><link>https://baustandards-dev.lidl.com/jok/video/video-s-purple-porn-bitch-videos-998372023.html</link><description>&lt;div class=&quot;field field-name-field-date field-type-datetime field-label-above;/div&gt;</description><dc:creator>royal</dc:creator><guid isPermaLink="false">13584 at https://baustandards-dev.lidl.com/jok/video/video-s-purple-porn-bitch-videos-998372023.html</guid></item>
<item><title>method you want to try</title><link>https://baustandards-dev.lidl.com/jok/video/video-sex-hd01-sinh-xxx-học-phim-791954305.html</link><description>&lt;div class=&quot;field field-name-field-date field-type-datetime field-label-above;/div&gt;</description><dc:creator>royal</dc:creator><guid isPermaLink="false">13584 at https://baustandards-dev.lidl.com/jok/video/video-sex-hd01-sinh-xxx-học-phim-791954305.html</guid></item>
<item><title>method you want to try</title><link>https://baustandards-dev.lidl.com/jok/video/video-sex-indian-desi-videos-xxx-videos-117330080.html</link><description>&lt;div class=&quot;field field-name-field-date field-type-datetime field-label-above;/div&gt;</description><dc:creator>royal</dc:creator><guid isPermaLink="false">13584 at https://baustandards-dev.lidl.com/jok/video/video-sex-indian-desi-videos-xxx-videos-117330080.html</guid></item>
<item><title>method you want to try</title><link>https://baustandards-dev.lidl.com/jok/video/video-sex-lesbian-videos-videos-porn-127007780.html</link><description>&lt;div class=&quot;field field-name-field-date field-type-datetime field-label-above;/div&gt;</description><dc:creator>royal</dc:creator><guid isPermaLink="false">13584 at https://baustandards-dev.lidl.com/jok/video/video-sex-lesbian-videos-videos-porn-127007780.html</guid></item>
<item><title>method you want to try</title><link>https://baustandards-dev.lidl.com/jok/video/video-sex-movies-stepsister-videos-porn-189686564.html</link><description>&lt;div class=&quot;field field-name-field-date field-type-datetime field-label-above;/div&gt;</description><dc:creator>royal</dc:creator><guid isPermaLink="false">13584 at https://baustandards-dev.lidl.com/jok/video/video-sex-movies-stepsister-videos-porn-189686564.html</guid></item>
<item><title>method you want to try</title><link>https://baustandards-dev.lidl.com/jok/video/video-step-porn-sister-free-videos-617474173.html</link><description>&lt;div class=&quot;field field-name-field-date field-type-datetime field-label-above;/div&gt;</description><dc:creator>royal</dc:creator><guid isPermaLink="false">13584 at https://baustandards-dev.lidl.com/jok/video/video-step-porn-sister-free-videos-617474173.html</guid></item>
<item><title>method you want to try</title><link>https://baustandards-dev.lidl.com/jok/video/video-tiktok-dance-videos-tiktok-indian-best-438298139.html</link><description>&lt;div class=&quot;field field-name-field-date field-type-datetime field-label-above;/div&gt;</description><dc:creator>royal</dc:creator><guid isPermaLink="false">13584 at https://baustandards-dev.lidl.com/jok/video/video-tiktok-dance-videos-tiktok-indian-best-438298139.html</guid></item>
<item><title>method you want to try</title><link>https://baustandards-dev.lidl.com/jok/video/video-trending-hd-porn-free-720p-videos-213070153.html</link><description>&lt;div class=&quot;field field-name-field-date field-type-datetime field-label-above;/div&gt;</description><dc:creator>royal</dc:creator><guid isPermaLink="false">13584 at https://baustandards-dev.lidl.com/jok/video/video-trending-hd-porn-free-720p-videos-213070153.html</guid></item>
<item><title>method you want to try</title><link>https://baustandards-dev.lidl.com/jok/video/video-trending-in-pakistan-viral-videos-688234763.html</link><description>&lt;div class=&quot;field field-name-field-date field-type-datetime field-label-above;/div&gt;</description><dc:creator>royal</dc:creator><guid isPermaLink="false">13584 at https://baustandards-dev.lidl.com/jok/video/video-trending-in-pakistan-viral-videos-688234763.html</guid></item>
<item><title>method you want to try</title><link>https://baustandards-dev.lidl.com/jok/video/video-trending-reels-hot-new-viral-insta-259824016.html</link><description>&lt;div class=&quot;field field-name-field-date field-type-datetime field-label-above;/div&gt;</description><dc:creator>royal</dc:creator><guid isPermaLink="false">13584 at https://baustandards-dev.lidl.com/jok/video/video-trending-reels-hot-new-viral-insta-259824016.html</guid></item>
<item><title>method you want to try</title><link>https://baustandards-dev.lidl.com/jok/video/video-trending-videos-viral-xxx-470159582.html</link><description>&lt;div class=&quot;field field-name-field-date field-type-datetime field-label-above;/div&gt;</description><dc:creator>royal</dc:creator><guid isPermaLink="false">13584 at https://baustandards-dev.lidl.com/jok/video/video-trending-videos-viral-xxx-470159582.html</guid></item>
<item><title>method you want to try</title><link>https://baustandards-dev.lidl.com/jok/video/video-trending-viral-porn-deshi-videos-532260163.html</link><description>&lt;div class=&quot;field field-name-field-date field-type-datetime field-label-above;/div&gt;</description><dc:creator>royal</dc:creator><guid isPermaLink="false">13584 at https://baustandards-dev.lidl.com/jok/video/video-trending-viral-porn-deshi-videos-532260163.html</guid></item>
<item><title>method you want to try</title><link>https://baustandards-dev.lidl.com/jok/video/video-video-indian-porn-deshi-253157363.html</link><description>&lt;div class=&quot;field field-name-field-date field-type-datetime field-label-above;/div&gt;</description><dc:creator>royal</dc:creator><guid isPermaLink="false">13584 at https://baustandards-dev.lidl.com/jok/video/video-video-indian-porn-deshi-253157363.html</guid></item>
<item><title>method you want to try</title><link>https://baustandards-dev.lidl.com/jok/video/video-video-videos-xhamster-porn-collection-porn-199754605.html</link><description>&lt;div class=&quot;field field-name-field-date field-type-datetime field-label-above;/div&gt;</description><dc:creator>royal</dc:creator><guid isPermaLink="false">13584 at https://baustandards-dev.lidl.com/jok/video/video-video-videos-xhamster-porn-collection-porn-199754605.html</guid></item>
<item><title>method you want to try</title><link>https://baustandards-dev.lidl.com/jok/video/video-videos-720p-porn-america-naughty-hd-618938184.html</link><description>&lt;div class=&quot;field field-name-field-date field-type-datetime field-label-above;/div&gt;</description><dc:creator>royal</dc:creator><guid isPermaLink="false">13584 at https://baustandards-dev.lidl.com/jok/video/video-videos-720p-porn-america-naughty-hd-618938184.html</guid></item>
<item><title>method you want to try</title><link>https://baustandards-dev.lidl.com/jok/video/video-videos-best-porn-indian-884208950.html</link><description>&lt;div class=&quot;field field-name-field-date field-type-datetime field-label-above;/div&gt;</description><dc:creator>royal</dc:creator><guid isPermaLink="false">13584 at https://baustandards-dev.lidl.com/jok/video/video-videos-best-porn-indian-884208950.html</guid></item>
<item><title>method you want to try</title><link>https://baustandards-dev.lidl.com/jok/video/video-videos-bitch-purple-porn-the-307732620.html</link><description>&lt;div class=&quot;field field-name-field-date field-type-datetime field-label-above;/div&gt;</description><dc:creator>royal</dc:creator><guid isPermaLink="false">13584 at https://baustandards-dev.lidl.com/jok/video/video-videos-bitch-purple-porn-the-307732620.html</guid></item>
<item><title>method you want to try</title><link>https://baustandards-dev.lidl.com/jok/video/video-videos-brazzers-porn-426871077.html</link><description>&lt;div class=&quot;field field-name-field-date field-type-datetime field-label-above;/div&gt;</description><dc:creator>royal</dc:creator><guid isPermaLink="false">13584 at https://baustandards-dev.lidl.com/jok/video/video-videos-brazzers-porn-426871077.html</guid></item>
<item><title>method you want to try</title><link>https://baustandards-dev.lidl.com/jok/video/video-videos-brazzers-porn-com-brazzers-free-769161111.html</link><description>&lt;div class=&quot;field field-name-field-date field-type-datetime field-label-above;/div&gt;</description><dc:creator>royal</dc:creator><guid isPermaLink="false">13584 at https://baustandards-dev.lidl.com/jok/video/video-videos-brazzers-porn-com-brazzers-free-769161111.html</guid></item>
<item><title>method you want to try</title><link>https://baustandards-dev.lidl.com/jok/video/video-videos-brazzers-sex-hd-637039013.html</link><description>&lt;div class=&quot;field field-name-field-date field-type-datetime field-label-above;/div&gt;</description><dc:creator>royal</dc:creator><guid isPermaLink="false">13584 at https://baustandards-dev.lidl.com/jok/video/video-videos-brazzers-sex-hd-637039013.html</guid></item>
<item><title>method you want to try</title><link>https://baustandards-dev.lidl.com/jok/video/video-videos-deshi-hot-porn-indian-298216737.html</link><description>&lt;div class=&quot;field field-name-field-date field-type-datetime field-label-above;/div&gt;</description><dc:creator>royal</dc:creator><guid isPermaLink="false">13584 at https://baustandards-dev.lidl.com/jok/video/video-videos-deshi-hot-porn-indian-298216737.html</guid></item>
<item><title>method you want to try</title><link>https://baustandards-dev.lidl.com/jok/video/video-videos-deshi-porn-xxx-736000842.html</link><description>&lt;div class=&quot;field field-name-field-date field-type-datetime field-label-above;/div&gt;</description><dc:creator>royal</dc:creator><guid isPermaLink="false">13584 at https://baustandards-dev.lidl.com/jok/video/video-videos-deshi-porn-xxx-736000842.html</guid></item>
<item><title>method you want to try</title><link>https://baustandards-dev.lidl.com/jok/video/video-videos-deshi-sex-indian-porn-715730211.html</link><description>&lt;div class=&quot;field field-name-field-date field-type-datetime field-label-above;/div&gt;</description><dc:creator>royal</dc:creator><guid isPermaLink="false">13584 at https://baustandards-dev.lidl.com/jok/video/video-videos-deshi-sex-indian-porn-715730211.html</guid></item>
<item><title>method you want to try</title><link>https://baustandards-dev.lidl.com/jok/video/video-videos-desi-xxxbp-xxx-porn-2025-853371920.html</link><description>&lt;div class=&quot;field field-name-field-date field-type-datetime field-label-above;/div&gt;</description><dc:creator>royal</dc:creator><guid isPermaLink="false">13584 at https://baustandards-dev.lidl.com/jok/video/video-videos-desi-xxxbp-xxx-porn-2025-853371920.html</guid></item>
<item><title>method you want to try</title><link>https://baustandards-dev.lidl.com/jok/video/video-videos-dp-purple-porn-bitch-593963904.html</link><description>&lt;div class=&quot;field field-name-field-date field-type-datetime field-label-above;/div&gt;</description><dc:creator>royal</dc:creator><guid isPermaLink="false">13584 at https://baustandards-dev.lidl.com/jok/video/video-videos-dp-purple-porn-bitch-593963904.html</guid></item>
<item><title>method you want to try</title><link>https://baustandards-dev.lidl.com/jok/video/video-videos-free-tits-porn-big-xhamster-228088134.html</link><description>&lt;div class=&quot;field field-name-field-date field-type-datetime field-label-above;/div&gt;</description><dc:creator>royal</dc:creator><guid isPermaLink="false">13584 at https://baustandards-dev.lidl.com/jok/video/video-videos-free-tits-porn-big-xhamster-228088134.html</guid></item>
<item><title>method you want to try</title><link>https://baustandards-dev.lidl.com/jok/video/video-videos-india-porn-porn-deshi-indian-181495070.html</link><description>&lt;div class=&quot;field field-name-field-date field-type-datetime field-label-above;/div&gt;</description><dc:creator>royal</dc:creator><guid isPermaLink="false">13584 at https://baustandards-dev.lidl.com/jok/video/video-videos-india-porn-porn-deshi-indian-181495070.html</guid></item>
<item><title>method you want to try</title><link>https://baustandards-dev.lidl.com/jok/video/video-videos-indian-deshi-porn-hindi-894572543.html</link><description>&lt;div class=&quot;field field-name-field-date field-type-datetime field-label-above;/div&gt;</description><dc:creator>royal</dc:creator><guid isPermaLink="false">13584 at https://baustandards-dev.lidl.com/jok/video/video-videos-indian-deshi-porn-hindi-894572543.html</guid></item>
<item><title>method you want to try</title><link>https://baustandards-dev.lidl.com/jok/video/video-videos-indian-free-deshi-bhabhi-porn-782562838.html</link><description>&lt;div class=&quot;field field-name-field-date field-type-datetime field-label-above;/div&gt;</description><dc:creator>royal</dc:creator><guid isPermaLink="false">13584 at https://baustandards-dev.lidl.com/jok/video/video-videos-indian-free-deshi-bhabhi-porn-782562838.html</guid></item>
<item><title>method you want to try</title><link>https://baustandards-dev.lidl.com/jok/video/video-videos-indian-tiktok-girl-hot-576759097.html</link><description>&lt;div class=&quot;field field-name-field-date field-type-datetime field-label-above;/div&gt;</description><dc:creator>royal</dc:creator><guid isPermaLink="false">13584 at https://baustandards-dev.lidl.com/jok/video/video-videos-indian-tiktok-girl-hot-576759097.html</guid></item>
<item><title>method you want to try</title><link>https://baustandards-dev.lidl.com/jok/video/video-videos-kinky-german-sluts-porn-love-477912247.html</link><description>&lt;div class=&quot;field field-name-field-date field-type-datetime field-label-above;/div&gt;</description><dc:creator>royal</dc:creator><guid isPermaLink="false">13584 at https://baustandards-dev.lidl.com/jok/video/video-videos-kinky-german-sluts-porn-love-477912247.html</guid></item>
<item><title>method you want to try</title><link>https://baustandards-dev.lidl.com/jok/video/video-videos-mms-hot-indian-leaked-560963980.html</link><description>&lt;div class=&quot;field field-name-field-date field-type-datetime field-label-above;/div&gt;</description><dc:creator>royal</dc:creator><guid isPermaLink="false">13584 at https://baustandards-dev.lidl.com/jok/video/video-videos-mms-hot-indian-leaked-560963980.html</guid></item>
<item><title>method you want to try</title><link>https://baustandards-dev.lidl.com/jok/video/video-videos-of-with-sex-porn-hardcore-373603492.html</link><description>&lt;div class=&quot;field field-name-field-date field-type-datetime field-label-above;/div&gt;</description><dc:creator>royal</dc:creator><guid isPermaLink="false">13584 at https://baustandards-dev.lidl.com/jok/video/video-videos-of-with-sex-porn-hardcore-373603492.html</guid></item>
<item><title>method you want to try</title><link>https://baustandards-dev.lidl.com/jok/video/video-videos-porn-4k-naughty-america-672937228.html</link><description>&lt;div class=&quot;field field-name-field-date field-type-datetime field-label-above;/div&gt;</description><dc:creator>royal</dc:creator><guid isPermaLink="false">13584 at https://baustandards-dev.lidl.com/jok/video/video-videos-porn-4k-naughty-america-672937228.html</guid></item>
<item><title>method you want to try</title><link>https://baustandards-dev.lidl.com/jok/video/video-videos-porn-busty-free-842388464.html</link><description>&lt;div class=&quot;field field-name-field-date field-type-datetime field-label-above;/div&gt;</description><dc:creator>royal</dc:creator><guid isPermaLink="false">13584 at https://baustandards-dev.lidl.com/jok/video/video-videos-porn-busty-free-842388464.html</guid></item>
<item><title>method you want to try</title><link>https://baustandards-dev.lidl.com/jok/video/video-videos-porn-busty-nf-hot-free-256152521.html</link><description>&lt;div class=&quot;field field-name-field-date field-type-datetime field-label-above;/div&gt;</description><dc:creator>royal</dc:creator><guid isPermaLink="false">13584 at https://baustandards-dev.lidl.com/jok/video/video-videos-porn-busty-nf-hot-free-256152521.html</guid></item>
<item><title>method you want to try</title><link>https://baustandards-dev.lidl.com/jok/video/video-videos-porn-fucked-purple-bitch-312443211.html</link><description>&lt;div class=&quot;field field-name-field-date field-type-datetime field-label-above;/div&gt;</description><dc:creator>royal</dc:creator><guid isPermaLink="false">13584 at https://baustandards-dev.lidl.com/jok/video/video-videos-porn-fucked-purple-bitch-312443211.html</guid></item>
<item><title>method you want to try</title><link>https://baustandards-dev.lidl.com/jok/video/video-videos-porn-on-stepsister-porn-best-333615948.html</link><description>&lt;div class=&quot;field field-name-field-date field-type-datetime field-label-above;/div&gt;</description><dc:creator>royal</dc:creator><guid isPermaLink="false">13584 at https://baustandards-dev.lidl.com/jok/video/video-videos-porn-on-stepsister-porn-best-333615948.html</guid></item>
<item><title>method you want to try</title><link>https://baustandards-dev.lidl.com/jok/video/video-videos-porn-onlyfans-156312935.html</link><description>&lt;div class=&quot;field field-name-field-date field-type-datetime field-label-above;/div&gt;</description><dc:creator>royal</dc:creator><guid isPermaLink="false">13584 at https://baustandards-dev.lidl.com/jok/video/video-videos-porn-onlyfans-156312935.html</guid></item>
<item><title>method you want to try</title><link>https://baustandards-dev.lidl.com/jok/video/video-videos-porn-youporn-indian-deshi-com-648896811.html</link><description>&lt;div class=&quot;field field-name-field-date field-type-datetime field-label-above;/div&gt;</description><dc:creator>royal</dc:creator><guid isPermaLink="false">13584 at https://baustandards-dev.lidl.com/jok/video/video-videos-porn-youporn-indian-deshi-com-648896811.html</guid></item>
<item><title>method you want to try</title><link>https://baustandards-dev.lidl.com/jok/video/video-vidéos-pornos-purple-de-bitch-882040131.html</link><description>&lt;div class=&quot;field field-name-field-date field-type-datetime field-label-above;/div&gt;</description><dc:creator>royal</dc:creator><guid isPermaLink="false">13584 at https://baustandards-dev.lidl.com/jok/video/video-vidéos-pornos-purple-de-bitch-882040131.html</guid></item>
<item><title>method you want to try</title><link>https://baustandards-dev.lidl.com/jok/video/video-videos-sex-porn-american-states-united-857026640.html</link><description>&lt;div class=&quot;field field-name-field-date field-type-datetime field-label-above;/div&gt;</description><dc:creator>royal</dc:creator><guid isPermaLink="false">13584 at https://baustandards-dev.lidl.com/jok/video/video-videos-sex-porn-american-states-united-857026640.html</guid></item>
<item><title>method you want to try</title><link>https://baustandards-dev.lidl.com/jok/video/video-videos-videos-deshi-porn-porn-indian-872803111.html</link><description>&lt;div class=&quot;field field-name-field-date field-type-datetime field-label-above;/div&gt;</description><dc:creator>royal</dc:creator><guid isPermaLink="false">13584 at https://baustandards-dev.lidl.com/jok/video/video-videos-videos-deshi-porn-porn-indian-872803111.html</guid></item>
<item><title>method you want to try</title><link>https://baustandards-dev.lidl.com/jok/video/video-videos-xxx-deshi-girl-541558740.html</link><description>&lt;div class=&quot;field field-name-field-date field-type-datetime field-label-above;/div&gt;</description><dc:creator>royal</dc:creator><guid isPermaLink="false">13584 at https://baustandards-dev.lidl.com/jok/video/video-videos-xxx-deshi-girl-541558740.html</guid></item>
<item><title>method you want to try</title><link>https://baustandards-dev.lidl.com/jok/video/video-videos-xxx-free-naughty-america-258267745.html</link><description>&lt;div class=&quot;field field-name-field-date field-type-datetime field-label-above;/div&gt;</description><dc:creator>royal</dc:creator><guid isPermaLink="false">13584 at https://baustandards-dev.lidl.com/jok/video/video-videos-xxx-free-naughty-america-258267745.html</guid></item>
<item><title>method you want to try</title><link>https://baustandards-dev.lidl.com/jok/video/video-vietsub-hd02-sex-trung-quốc-522948470.html</link><description>&lt;div class=&quot;field field-name-field-date field-type-datetime field-label-above;/div&gt;</description><dc:creator>royal</dc:creator><guid isPermaLink="false">13584 at https://baustandards-dev.lidl.com/jok/video/video-vietsub-hd02-sex-trung-quốc-522948470.html</guid></item>
<item><title>method you want to try</title><link>https://baustandards-dev.lidl.com/jok/video/video-viewed-all-time-videos-most-pornhub-246030929.html</link><description>&lt;div class=&quot;field field-name-field-date field-type-datetime field-label-above;/div&gt;</description><dc:creator>royal</dc:creator><guid isPermaLink="false">13584 at https://baustandards-dev.lidl.com/jok/video/video-viewed-all-time-videos-most-pornhub-246030929.html</guid></item>
<item><title>method you want to try</title><link>https://baustandards-dev.lidl.com/jok/video/video-viewed-porn-2025-most-videos-984752954.html</link><description>&lt;div class=&quot;field field-name-field-date field-type-datetime field-label-above;/div&gt;</description><dc:creator>royal</dc:creator><guid isPermaLink="false">13584 at https://baustandards-dev.lidl.com/jok/video/video-viewed-porn-2025-most-videos-984752954.html</guid></item>
<item><title>method you want to try</title><link>https://baustandards-dev.lidl.com/jok/video/video-viral-video-india-558590067.html</link><description>&lt;div class=&quot;field field-name-field-date field-type-datetime field-label-above;/div&gt;</description><dc:creator>royal</dc:creator><guid isPermaLink="false">13584 at https://baustandards-dev.lidl.com/jok/video/video-viral-video-india-558590067.html</guid></item>
<item><title>method you want to try</title><link>https://baustandards-dev.lidl.com/jok/video/video-virtual-videos-reality-porn-sex-vr-211579300.html</link><description>&lt;div class=&quot;field field-name-field-date field-type-datetime field-label-above;/div&gt;</description><dc:creator>royal</dc:creator><guid isPermaLink="false">13584 at https://baustandards-dev.lidl.com/jok/video/video-virtual-videos-reality-porn-sex-vr-211579300.html</guid></item>
<item><title>method you want to try</title><link>https://baustandards-dev.lidl.com/jok/video/video-wife-my-deshi-sex-porn-indian-454696139.html</link><description>&lt;div class=&quot;field field-name-field-date field-type-datetime field-label-above;/div&gt;</description><dc:creator>royal</dc:creator><guid isPermaLink="false">13584 at https://baustandards-dev.lidl.com/jok/video/video-wife-my-deshi-sex-porn-indian-454696139.html</guid></item>
<item><title>method you want to try</title><link>https://baustandards-dev.lidl.com/jok/video/video-wife-sex-porn-my-indian-deshi-693818984.html</link><description>&lt;div class=&quot;field field-name-field-date field-type-datetime field-label-above;/div&gt;</description><dc:creator>royal</dc:creator><guid isPermaLink="false">13584 at https://baustandards-dev.lidl.com/jok/video/video-wife-sex-porn-my-indian-deshi-693818984.html</guid></item>
<item><title>method you want to try</title><link>https://baustandards-dev.lidl.com/jok/video/video-xhamster-brazzer-porn-videos-porn-446119839.html</link><description>&lt;div class=&quot;field field-name-field-date field-type-datetime field-label-above;/div&gt;</description><dc:creator>royal</dc:creator><guid isPermaLink="false">13584 at https://baustandards-dev.lidl.com/jok/video/video-xhamster-brazzer-porn-videos-porn-446119839.html</guid></item>
<item><title>method you want to try</title><link>https://baustandards-dev.lidl.com/jok/video/video-xhamster-busty-porn-videos-471216615.html</link><description>&lt;div class=&quot;field field-name-field-date field-type-datetime field-label-above;/div&gt;</description><dc:creator>royal</dc:creator><guid isPermaLink="false">13584 at https://baustandards-dev.lidl.com/jok/video/video-xhamster-busty-porn-videos-471216615.html</guid></item>
<item><title>method you want to try</title><link>https://baustandards-dev.lidl.com/jok/video/video-xhamster-deshi-porn-videos-713115355.html</link><description>&lt;div class=&quot;field field-name-field-date field-type-datetime field-label-above;/div&gt;</description><dc:creator>royal</dc:creator><guid isPermaLink="false">13584 at https://baustandards-dev.lidl.com/jok/video/video-xhamster-deshi-porn-videos-713115355.html</guid></item>
<item><title>method you want to try</title><link>https://baustandards-dev.lidl.com/jok/video/video-xhamster-porn-desi-indian-videos-free-565965070.html</link><description>&lt;div class=&quot;field field-name-field-date field-type-datetime field-label-above;/div&gt;</description><dc:creator>royal</dc:creator><guid isPermaLink="false">13584 at https://baustandards-dev.lidl.com/jok/video/video-xhamster-porn-desi-indian-videos-free-565965070.html</guid></item>
<item><title>method you want to try</title><link>https://baustandards-dev.lidl.com/jok/video/video-xhamster-porn-videos-deshi-indian-822834920.html</link><description>&lt;div class=&quot;field field-name-field-date field-type-datetime field-label-above;/div&gt;</description><dc:creator>royal</dc:creator><guid isPermaLink="false">13584 at https://baustandards-dev.lidl.com/jok/video/video-xhamster-porn-videos-deshi-indian-822834920.html</guid></item>
<item><title>method you want to try</title><link>https://baustandards-dev.lidl.com/jok/video/video-xhamster-video-videos-porn-999570373.html</link><description>&lt;div class=&quot;field field-name-field-date field-type-datetime field-label-above;/div&gt;</description><dc:creator>royal</dc:creator><guid isPermaLink="false">13584 at https://baustandards-dev.lidl.com/jok/video/video-xhamster-video-videos-porn-999570373.html</guid></item>
<item><title>method you want to try</title><link>https://baustandards-dev.lidl.com/jok/video/video-xhamster-videos-porn-indian-276615105.html</link><description>&lt;div class=&quot;field field-name-field-date field-type-datetime field-label-above;/div&gt;</description><dc:creator>royal</dc:creator><guid isPermaLink="false">13584 at https://baustandards-dev.lidl.com/jok/video/video-xhamster-videos-porn-indian-276615105.html</guid></item>
<item><title>method you want to try</title><link>https://baustandards-dev.lidl.com/jok/video/video-xhamster-videos-porn-video-busty-881364716.html</link><description>&lt;div class=&quot;field field-name-field-date field-type-datetime field-label-above;/div&gt;</description><dc:creator>royal</dc:creator><guid isPermaLink="false">13584 at https://baustandards-dev.lidl.com/jok/video/video-xhamster-videos-porn-video-busty-881364716.html</guid></item>
<item><title>method you want to try</title><link>https://baustandards-dev.lidl.com/jok/video/video-xxx-8126967-sex-phim-hd01-jav-872925678.html</link><description>&lt;div class=&quot;field field-name-field-date field-type-datetime field-label-above;/div&gt;</description><dc:creator>royal</dc:creator><guid isPermaLink="false">13584 at https://baustandards-dev.lidl.com/jok/video/video-xxx-8126967-sex-phim-hd01-jav-872925678.html</guid></item>
<item><title>method you want to try</title><link>https://baustandards-dev.lidl.com/jok/video/video-xxx-hiếp-dâm-phim-hd02-sex-799024613.html</link><description>&lt;div class=&quot;field field-name-field-date field-type-datetime field-label-above;/div&gt;</description><dc:creator>royal</dc:creator><guid isPermaLink="false">13584 at https://baustandards-dev.lidl.com/jok/video/video-xxx-hiếp-dâm-phim-hd02-sex-799024613.html</guid></item>
<item><title>method you want to try</title><link>https://baustandards-dev.lidl.com/jok/video/video-xxx-indian-porn-deshi-573250214.html</link><description>&lt;div class=&quot;field field-name-field-date field-type-datetime field-label-above;/div&gt;</description><dc:creator>royal</dc:creator><guid isPermaLink="false">13584 at https://baustandards-dev.lidl.com/jok/video/video-xxx-indian-porn-deshi-573250214.html</guid></item>
<item><title>method you want to try</title><link>https://baustandards-dev.lidl.com/jok/video/video-xxx-nhật-sex-phim-bản-hd01-741238267.html</link><description>&lt;div class=&quot;field field-name-field-date field-type-datetime field-label-above;/div&gt;</description><dc:creator>royal</dc:creator><guid isPermaLink="false">13584 at https://baustandards-dev.lidl.com/jok/video/video-xxx-nhật-sex-phim-bản-hd01-741238267.html</guid></item>
<item><title>method you want to try</title><link>https://baustandards-dev.lidl.com/jok/video/video-xxx-phim-hiếp-dâm-hd02-sex-892581056.html</link><description>&lt;div class=&quot;field field-name-field-date field-type-datetime field-label-above;/div&gt;</description><dc:creator>royal</dc:creator><guid isPermaLink="false">13584 at https://baustandards-dev.lidl.com/jok/video/video-xxx-phim-hiếp-dâm-hd02-sex-892581056.html</guid></item>
<item><title>method you want to try</title><link>https://baustandards-dev.lidl.com/jok/video/video-xxx-porn-videos-shemale-trans-free-357625631.html</link><description>&lt;div class=&quot;field field-name-field-date field-type-datetime field-label-above;/div&gt;</description><dc:creator>royal</dc:creator><guid isPermaLink="false">13584 at https://baustandards-dev.lidl.com/jok/video/video-xxx-porn-videos-shemale-trans-free-357625631.html</guid></item>
<item><title>method you want to try</title><link>https://baustandards-dev.lidl.com/jok/video/video-xxx-videos-indian-deshi-271195459.html</link><description>&lt;div class=&quot;field field-name-field-date field-type-datetime field-label-above;/div&gt;</description><dc:creator>royal</dc:creator><guid isPermaLink="false">13584 at https://baustandards-dev.lidl.com/jok/video/video-xxx-videos-indian-deshi-271195459.html</guid></item>
<item><title>method you want to try</title><link>https://baustandards-dev.lidl.com/jok/video/video-xxxbp-videos-xxx-porn-desi-indian-698559504.html</link><description>&lt;div class=&quot;field field-name-field-date field-type-datetime field-label-above;/div&gt;</description><dc:creator>royal</dc:creator><guid isPermaLink="false">13584 at https://baustandards-dev.lidl.com/jok/video/video-xxxbp-videos-xxx-porn-desi-indian-698559504.html</guid></item>
</channel>
</rss>
