<?xml version="1.0" encoding="UTF-8"?>
<rss xmlns:dc="http://purl.org/dc/elements/0.9/" version="2.0" xml:base="https://securelogin.ons.org/abc/video/">
<channel>
<title>securelogin.ons.org</title>
<link>https://securelogin.ons.org/abc/video/</link>
<description/>

<item><title>interim govmenyt</title><link>https://securelogin.ons.org/abc/video/video-america-porn-free-naughty-624704572.html</link><description>&lt;div class=&quot;field field-name-field-date field-type-datetime field-label-above;/div&gt;</description><dc:creator>royal</dc:creator><guid isPermaLink="false">13584 at https://securelogin.ons.org/abc/video/video-america-porn-free-naughty-624704572.html</guid></item>
<item><title>interim govmenyt</title><link>https://securelogin.ons.org/abc/video/video-best-videos-video-porn-sex-953178249.html</link><description>&lt;div class=&quot;field field-name-field-date field-type-datetime field-label-above;/div&gt;</description><dc:creator>royal</dc:creator><guid isPermaLink="false">13584 at https://securelogin.ons.org/abc/video/video-best-videos-video-porn-sex-953178249.html</guid></item>
<item><title>interim govmenyt</title><link>https://securelogin.ons.org/abc/video/video-big-bouncing-free-tits-videos-porn-739522893.html</link><description>&lt;div class=&quot;field field-name-field-date field-type-datetime field-label-above;/div&gt;</description><dc:creator>royal</dc:creator><guid isPermaLink="false">13584 at https://securelogin.ons.org/abc/video/video-big-bouncing-free-tits-videos-porn-739522893.html</guid></item>
<item><title>interim govmenyt</title><link>https://securelogin.ons.org/abc/video/video-big-porn-step-busty-tits-stepsister-207503061.html</link><description>&lt;div class=&quot;field field-name-field-date field-type-datetime field-label-above;/div&gt;</description><dc:creator>royal</dc:creator><guid isPermaLink="false">13584 at https://securelogin.ons.org/abc/video/video-big-porn-step-busty-tits-stepsister-207503061.html</guid></item>
<item><title>interim govmenyt</title><link>https://securelogin.ons.org/abc/video/video-bitch-porn-s-purple-videos-161927853.html</link><description>&lt;div class=&quot;field field-name-field-date field-type-datetime field-label-above;/div&gt;</description><dc:creator>royal</dc:creator><guid isPermaLink="false">13584 at https://securelogin.ons.org/abc/video/video-bitch-porn-s-purple-videos-161927853.html</guid></item>
<item><title>interim govmenyt</title><link>https://securelogin.ons.org/abc/video/video-bitch-purple-vidéos-pornos-de-487328881.html</link><description>&lt;div class=&quot;field field-name-field-date field-type-datetime field-label-above;/div&gt;</description><dc:creator>royal</dc:creator><guid isPermaLink="false">13584 at https://securelogin.ons.org/abc/video/video-bitch-purple-vidéos-pornos-de-487328881.html</guid></item>
<item><title>interim govmenyt</title><link>https://securelogin.ons.org/abc/video/video-bitch-videos-fucked-purple-porn-595700332.html</link><description>&lt;div class=&quot;field field-name-field-date field-type-datetime field-label-above;/div&gt;</description><dc:creator>royal</dc:creator><guid isPermaLink="false">13584 at https://securelogin.ons.org/abc/video/video-bitch-videos-fucked-purple-porn-595700332.html</guid></item>
<item><title>interim govmenyt</title><link>https://securelogin.ons.org/abc/video/video-brazzers-free-com-videos-brazzers-porn-189709000.html</link><description>&lt;div class=&quot;field field-name-field-date field-type-datetime field-label-above;/div&gt;</description><dc:creator>royal</dc:creator><guid isPermaLink="false">13584 at https://securelogin.ons.org/abc/video/video-brazzers-free-com-videos-brazzers-porn-189709000.html</guid></item>
<item><title>interim govmenyt</title><link>https://securelogin.ons.org/abc/video/video-brazzers-free-porn-videos-321472903.html</link><description>&lt;div class=&quot;field field-name-field-date field-type-datetime field-label-above;/div&gt;</description><dc:creator>royal</dc:creator><guid isPermaLink="false">13584 at https://securelogin.ons.org/abc/video/video-brazzers-free-porn-videos-321472903.html</guid></item>
<item><title>interim govmenyt</title><link>https://securelogin.ons.org/abc/video/video-brazzers-hot-porn-videos-311338707.html</link><description>&lt;div class=&quot;field field-name-field-date field-type-datetime field-label-above;/div&gt;</description><dc:creator>royal</dc:creator><guid isPermaLink="false">13584 at https://securelogin.ons.org/abc/video/video-brazzers-hot-porn-videos-311338707.html</guid></item>
<item><title>interim govmenyt</title><link>https://securelogin.ons.org/abc/video/video-busty-porn-free-videos-of-sexy-800120000.html</link><description>&lt;div class=&quot;field field-name-field-date field-type-datetime field-label-above;/div&gt;</description><dc:creator>royal</dc:creator><guid isPermaLink="false">13584 at https://securelogin.ons.org/abc/video/video-busty-porn-free-videos-of-sexy-800120000.html</guid></item>
<item><title>interim govmenyt</title><link>https://securelogin.ons.org/abc/video/video-busty-porn-milf-teen-busty-busty-510565304.html</link><description>&lt;div class=&quot;field field-name-field-date field-type-datetime field-label-above;/div&gt;</description><dc:creator>royal</dc:creator><guid isPermaLink="false">13584 at https://securelogin.ons.org/abc/video/video-busty-porn-milf-teen-busty-busty-510565304.html</guid></item>
<item><title>interim govmenyt</title><link>https://securelogin.ons.org/abc/video/video-busty-porn-videos-free-751329543.html</link><description>&lt;div class=&quot;field field-name-field-date field-type-datetime field-label-above;/div&gt;</description><dc:creator>royal</dc:creator><guid isPermaLink="false">13584 at https://securelogin.ons.org/abc/video/video-busty-porn-videos-free-751329543.html</guid></item>
<item><title>interim govmenyt</title><link>https://securelogin.ons.org/abc/video/video-bustybus-porn-videos-com-free-sex-289135594.html</link><description>&lt;div class=&quot;field field-name-field-date field-type-datetime field-label-above;/div&gt;</description><dc:creator>royal</dc:creator><guid isPermaLink="false">13584 at https://securelogin.ons.org/abc/video/video-bustybus-porn-videos-com-free-sex-289135594.html</guid></item>
<item><title>interim govmenyt</title><link>https://securelogin.ons.org/abc/video/video-cosplay-purple-porn-videos-bitch-700197521.html</link><description>&lt;div class=&quot;field field-name-field-date field-type-datetime field-label-above;/div&gt;</description><dc:creator>royal</dc:creator><guid isPermaLink="false">13584 at https://securelogin.ons.org/abc/video/video-cosplay-purple-porn-videos-bitch-700197521.html</guid></item>
<item><title>interim govmenyt</title><link>https://securelogin.ons.org/abc/video/video-dâm-xxx-hiếp-phim-sex-hd01-890943373.html</link><description>&lt;div class=&quot;field field-name-field-date field-type-datetime field-label-above;/div&gt;</description><dc:creator>royal</dc:creator><guid isPermaLink="false">13584 at https://securelogin.ons.org/abc/video/video-dâm-xxx-hiếp-phim-sex-hd01-890943373.html</guid></item>
<item><title>interim govmenyt</title><link>https://securelogin.ons.org/abc/video/video-dan-is-sisters-my-friend-hot-726943299.html</link><description>&lt;div class=&quot;field field-name-field-date field-type-datetime field-label-above;/div&gt;</description><dc:creator>royal</dc:creator><guid isPermaLink="false">13584 at https://securelogin.ons.org/abc/video/video-dan-is-sisters-my-friend-hot-726943299.html</guid></item>
<item><title>interim govmenyt</title><link>https://securelogin.ons.org/abc/video/video-dance-hot-girl-trending-hot-indian-641977379.html</link><description>&lt;div class=&quot;field field-name-field-date field-type-datetime field-label-above;/div&gt;</description><dc:creator>royal</dc:creator><guid isPermaLink="false">13584 at https://securelogin.ons.org/abc/video/video-dance-hot-girl-trending-hot-indian-641977379.html</guid></item>
<item><title>interim govmenyt</title><link>https://securelogin.ons.org/abc/video/video-dance-tiktok-best-videos-tiktok-indian-526059384.html</link><description>&lt;div class=&quot;field field-name-field-date field-type-datetime field-label-above;/div&gt;</description><dc:creator>royal</dc:creator><guid isPermaLink="false">13584 at https://securelogin.ons.org/abc/video/video-dance-tiktok-best-videos-tiktok-indian-526059384.html</guid></item>
<item><title>interim govmenyt</title><link>https://securelogin.ons.org/abc/video/video-deshi-free-indian-videos-porn-sex-344776148.html</link><description>&lt;div class=&quot;field field-name-field-date field-type-datetime field-label-above;/div&gt;</description><dc:creator>royal</dc:creator><guid isPermaLink="false">13584 at https://securelogin.ons.org/abc/video/video-deshi-free-indian-videos-porn-sex-344776148.html</guid></item>
<item><title>interim govmenyt</title><link>https://securelogin.ons.org/abc/video/video-deshi-hindi-porn-videos-indian-514883823.html</link><description>&lt;div class=&quot;field field-name-field-date field-type-datetime field-label-above;/div&gt;</description><dc:creator>royal</dc:creator><guid isPermaLink="false">13584 at https://securelogin.ons.org/abc/video/video-deshi-hindi-porn-videos-indian-514883823.html</guid></item>
<item><title>interim govmenyt</title><link>https://securelogin.ons.org/abc/video/video-deshi-porn-xxx-indian-844423037.html</link><description>&lt;div class=&quot;field field-name-field-date field-type-datetime field-label-above;/div&gt;</description><dc:creator>royal</dc:creator><guid isPermaLink="false">13584 at https://securelogin.ons.org/abc/video/video-deshi-porn-xxx-indian-844423037.html</guid></item>
<item><title>interim govmenyt</title><link>https://securelogin.ons.org/abc/video/video-deshi-porn-youporn-com-videos-indian-847875675.html</link><description>&lt;div class=&quot;field field-name-field-date field-type-datetime field-label-above;/div&gt;</description><dc:creator>royal</dc:creator><guid isPermaLink="false">13584 at https://securelogin.ons.org/abc/video/video-deshi-porn-youporn-com-videos-indian-847875675.html</guid></item>
<item><title>interim govmenyt</title><link>https://securelogin.ons.org/abc/video/video-deshi-videos-porn-indian-581701489.html</link><description>&lt;div class=&quot;field field-name-field-date field-type-datetime field-label-above;/div&gt;</description><dc:creator>royal</dc:creator><guid isPermaLink="false">13584 at https://securelogin.ons.org/abc/video/video-deshi-videos-porn-indian-581701489.html</guid></item>
<item><title>interim govmenyt</title><link>https://securelogin.ons.org/abc/video/video-deshi-videos-porn-indian-videos-porn-444865244.html</link><description>&lt;div class=&quot;field field-name-field-date field-type-datetime field-label-above;/div&gt;</description><dc:creator>royal</dc:creator><guid isPermaLink="false">13584 at https://securelogin.ons.org/abc/video/video-deshi-videos-porn-indian-videos-porn-444865244.html</guid></item>
<item><title>interim govmenyt</title><link>https://securelogin.ons.org/abc/video/video-desi-indian-xhamster-videos-free-porn-558304201.html</link><description>&lt;div class=&quot;field field-name-field-date field-type-datetime field-label-above;/div&gt;</description><dc:creator>royal</dc:creator><guid isPermaLink="false">13584 at https://securelogin.ons.org/abc/video/video-desi-indian-xhamster-videos-free-porn-558304201.html</guid></item>
<item><title>interim govmenyt</title><link>https://securelogin.ons.org/abc/video/video-desi-xxx-hard-and-sex-indian-677460666.html</link><description>&lt;div class=&quot;field field-name-field-date field-type-datetime field-label-above;/div&gt;</description><dc:creator>royal</dc:creator><guid isPermaLink="false">13584 at https://securelogin.ons.org/abc/video/video-desi-xxx-hard-and-sex-indian-677460666.html</guid></item>
<item><title>interim govmenyt</title><link>https://securelogin.ons.org/abc/video/video-download-naughty-america-porn-videos-126691045.html</link><description>&lt;div class=&quot;field field-name-field-date field-type-datetime field-label-above;/div&gt;</description><dc:creator>royal</dc:creator><guid isPermaLink="false">13584 at https://securelogin.ons.org/abc/video/video-download-naughty-america-porn-videos-126691045.html</guid></item>
<item><title>interim govmenyt</title><link>https://securelogin.ons.org/abc/video/video-dp-purple-porn-videos-bitch-274519807.html</link><description>&lt;div class=&quot;field field-name-field-date field-type-datetime field-label-above;/div&gt;</description><dc:creator>royal</dc:creator><guid isPermaLink="false">13584 at https://securelogin.ons.org/abc/video/video-dp-purple-porn-videos-bitch-274519807.html</guid></item>
<item><title>interim govmenyt</title><link>https://securelogin.ons.org/abc/video/video-free-movies-xxx-library-brazzers-porn-907437562.html</link><description>&lt;div class=&quot;field field-name-field-date field-type-datetime field-label-above;/div&gt;</description><dc:creator>royal</dc:creator><guid isPermaLink="false">13584 at https://securelogin.ons.org/abc/video/video-free-movies-xxx-library-brazzers-porn-907437562.html</guid></item>
<item><title>interim govmenyt</title><link>https://securelogin.ons.org/abc/video/video-free-nf-busty-videos-porn-hot-346912897.html</link><description>&lt;div class=&quot;field field-name-field-date field-type-datetime field-label-above;/div&gt;</description><dc:creator>royal</dc:creator><guid isPermaLink="false">13584 at https://securelogin.ons.org/abc/video/video-free-nf-busty-videos-porn-hot-346912897.html</guid></item>
<item><title>interim govmenyt</title><link>https://securelogin.ons.org/abc/video/video-free-trending-movies-videos-porn-porno-402380514.html</link><description>&lt;div class=&quot;field field-name-field-date field-type-datetime field-label-above;/div&gt;</description><dc:creator>royal</dc:creator><guid isPermaLink="false">13584 at https://securelogin.ons.org/abc/video/video-free-trending-movies-videos-porn-porno-402380514.html</guid></item>
<item><title>interim govmenyt</title><link>https://securelogin.ons.org/abc/video/video-free-we-hd-porn-naughty-america-345178902.html</link><description>&lt;div class=&quot;field field-name-field-date field-type-datetime field-label-above;/div&gt;</description><dc:creator>royal</dc:creator><guid isPermaLink="false">13584 at https://securelogin.ons.org/abc/video/video-free-we-hd-porn-naughty-america-345178902.html</guid></item>
<item><title>interim govmenyt</title><link>https://securelogin.ons.org/abc/video/video-girl-hot-indian-videos-tiktok-985193328.html</link><description>&lt;div class=&quot;field field-name-field-date field-type-datetime field-label-above;/div&gt;</description><dc:creator>royal</dc:creator><guid isPermaLink="false">13584 at https://securelogin.ons.org/abc/video/video-girl-hot-indian-videos-tiktok-985193328.html</guid></item>
<item><title>interim govmenyt</title><link>https://securelogin.ons.org/abc/video/video-hardcore-naughty-america-videos-free-porn-984018239.html</link><description>&lt;div class=&quot;field field-name-field-date field-type-datetime field-label-above;/div&gt;</description><dc:creator>royal</dc:creator><guid isPermaLink="false">13584 at https://securelogin.ons.org/abc/video/video-hardcore-naughty-america-videos-free-porn-984018239.html</guid></item>
<item><title>interim govmenyt</title><link>https://securelogin.ons.org/abc/video/video-hd-720p-porn-free-america-naughty-217530003.html</link><description>&lt;div class=&quot;field field-name-field-date field-type-datetime field-label-above;/div&gt;</description><dc:creator>royal</dc:creator><guid isPermaLink="false">13584 at https://securelogin.ons.org/abc/video/video-hd-720p-porn-free-america-naughty-217530003.html</guid></item>
<item><title>interim govmenyt</title><link>https://securelogin.ons.org/abc/video/video-hd01-8126967-jav-xxx-phim-sex-570304009.html</link><description>&lt;div class=&quot;field field-name-field-date field-type-datetime field-label-above;/div&gt;</description><dc:creator>royal</dc:creator><guid isPermaLink="false">13584 at https://securelogin.ons.org/abc/video/video-hd01-8126967-jav-xxx-phim-sex-570304009.html</guid></item>
<item><title>interim govmenyt</title><link>https://securelogin.ons.org/abc/video/video-hd02-sex-loạn-xxx-luân-117628908.html</link><description>&lt;div class=&quot;field field-name-field-date field-type-datetime field-label-above;/div&gt;</description><dc:creator>royal</dc:creator><guid isPermaLink="false">13584 at https://securelogin.ons.org/abc/video/video-hd02-sex-loạn-xxx-luân-117628908.html</guid></item>
<item><title>interim govmenyt</title><link>https://securelogin.ons.org/abc/video/video-hiếp-hd02-phim-xxx-dâm-sex-725465559.html</link><description>&lt;div class=&quot;field field-name-field-date field-type-datetime field-label-above;/div&gt;</description><dc:creator>royal</dc:creator><guid isPermaLink="false">13584 at https://securelogin.ons.org/abc/video/video-hiếp-hd02-phim-xxx-dâm-sex-725465559.html</guid></item>
<item><title>interim govmenyt</title><link>https://securelogin.ons.org/abc/video/video-hindi-vidio-porn-deshi-indian-xxx-440213478.html</link><description>&lt;div class=&quot;field field-name-field-date field-type-datetime field-label-above;/div&gt;</description><dc:creator>royal</dc:creator><guid isPermaLink="false">13584 at https://securelogin.ons.org/abc/video/video-hindi-vidio-porn-deshi-indian-xxx-440213478.html</guid></item>
<item><title>interim govmenyt</title><link>https://securelogin.ons.org/abc/video/video-hot-insta-reels-trending-new-viral-175747896.html</link><description>&lt;div class=&quot;field field-name-field-date field-type-datetime field-label-above;/div&gt;</description><dc:creator>royal</dc:creator><guid isPermaLink="false">13584 at https://securelogin.ons.org/abc/video/video-hot-insta-reels-trending-new-viral-175747896.html</guid></item>
<item><title>interim govmenyt</title><link>https://securelogin.ons.org/abc/video/video-hot-naughty-america-videos-free-porn-407561523.html</link><description>&lt;div class=&quot;field field-name-field-date field-type-datetime field-label-above;/div&gt;</description><dc:creator>royal</dc:creator><guid isPermaLink="false">13584 at https://securelogin.ons.org/abc/video/video-hot-naughty-america-videos-free-porn-407561523.html</guid></item>
<item><title>interim govmenyt</title><link>https://securelogin.ons.org/abc/video/video-hot-porn-videos-deshi-indian-352021569.html</link><description>&lt;div class=&quot;field field-name-field-date field-type-datetime field-label-above;/div&gt;</description><dc:creator>royal</dc:creator><guid isPermaLink="false">13584 at https://securelogin.ons.org/abc/video/video-hot-porn-videos-deshi-indian-352021569.html</guid></item>
<item><title>interim govmenyt</title><link>https://securelogin.ons.org/abc/video/video-in-indian-youtube-sexy-hot-videos-697200358.html</link><description>&lt;div class=&quot;field field-name-field-date field-type-datetime field-label-above;/div&gt;</description><dc:creator>royal</dc:creator><guid isPermaLink="false">13584 at https://securelogin.ons.org/abc/video/video-in-indian-youtube-sexy-hot-videos-697200358.html</guid></item>
<item><title>interim govmenyt</title><link>https://securelogin.ons.org/abc/video/video-in-pakistan-trending-viral-videos-796975010.html</link><description>&lt;div class=&quot;field field-name-field-date field-type-datetime field-label-above;/div&gt;</description><dc:creator>royal</dc:creator><guid isPermaLink="false">13584 at https://securelogin.ons.org/abc/video/video-in-pakistan-trending-viral-videos-796975010.html</guid></item>
<item><title>interim govmenyt</title><link>https://securelogin.ons.org/abc/video/video-indian-bhabhi-videos-free-porn-deshi-648562514.html</link><description>&lt;div class=&quot;field field-name-field-date field-type-datetime field-label-above;/div&gt;</description><dc:creator>royal</dc:creator><guid isPermaLink="false">13584 at https://securelogin.ons.org/abc/video/video-indian-bhabhi-videos-free-porn-deshi-648562514.html</guid></item>
<item><title>interim govmenyt</title><link>https://securelogin.ons.org/abc/video/video-indian-deshi-video-porn-694389363.html</link><description>&lt;div class=&quot;field field-name-field-date field-type-datetime field-label-above;/div&gt;</description><dc:creator>royal</dc:creator><guid isPermaLink="false">13584 at https://securelogin.ons.org/abc/video/video-indian-deshi-video-porn-694389363.html</guid></item>
<item><title>interim govmenyt</title><link>https://securelogin.ons.org/abc/video/video-indian-girls-video-reel-sexy-hot-454623787.html</link><description>&lt;div class=&quot;field field-name-field-date field-type-datetime field-label-above;/div&gt;</description><dc:creator>royal</dc:creator><guid isPermaLink="false">13584 at https://securelogin.ons.org/abc/video/video-indian-girls-video-reel-sexy-hot-454623787.html</guid></item>
<item><title>interim govmenyt</title><link>https://securelogin.ons.org/abc/video/video-indian-porn-deshi-free-videos-xhamster-555201444.html</link><description>&lt;div class=&quot;field field-name-field-date field-type-datetime field-label-above;/div&gt;</description><dc:creator>royal</dc:creator><guid isPermaLink="false">13584 at https://securelogin.ons.org/abc/video/video-indian-porn-deshi-free-videos-xhamster-555201444.html</guid></item>
<item><title>interim govmenyt</title><link>https://securelogin.ons.org/abc/video/video-indian-porn-wife-my-deshi-sex-124173722.html</link><description>&lt;div class=&quot;field field-name-field-date field-type-datetime field-label-above;/div&gt;</description><dc:creator>royal</dc:creator><guid isPermaLink="false">13584 at https://securelogin.ons.org/abc/video/video-indian-porn-wife-my-deshi-sex-124173722.html</guid></item>
<item><title>interim govmenyt</title><link>https://securelogin.ons.org/abc/video/video-indian-sex-porn-my-wife-deshi-347295895.html</link><description>&lt;div class=&quot;field field-name-field-date field-type-datetime field-label-above;/div&gt;</description><dc:creator>royal</dc:creator><guid isPermaLink="false">13584 at https://securelogin.ons.org/abc/video/video-indian-sex-porn-my-wife-deshi-347295895.html</guid></item>
<item><title>interim govmenyt</title><link>https://securelogin.ons.org/abc/video/video-indian-sexy-hot-girls-indian-girls-960432913.html</link><description>&lt;div class=&quot;field field-name-field-date field-type-datetime field-label-above;/div&gt;</description><dc:creator>royal</dc:creator><guid isPermaLink="false">13584 at https://securelogin.ons.org/abc/video/video-indian-sexy-hot-girls-indian-girls-960432913.html</guid></item>
<item><title>interim govmenyt</title><link>https://securelogin.ons.org/abc/video/video-indian-videos-porn-popular-desi-585440722.html</link><description>&lt;div class=&quot;field field-name-field-date field-type-datetime field-label-above;/div&gt;</description><dc:creator>royal</dc:creator><guid isPermaLink="false">13584 at https://securelogin.ons.org/abc/video/video-indian-videos-porn-popular-desi-585440722.html</guid></item>
<item><title>interim govmenyt</title><link>https://securelogin.ons.org/abc/video/video-indian-xhamster-deshi-xxx-videos-123651012.html</link><description>&lt;div class=&quot;field field-name-field-date field-type-datetime field-label-above;/div&gt;</description><dc:creator>royal</dc:creator><guid isPermaLink="false">13584 at https://securelogin.ons.org/abc/video/video-indian-xhamster-deshi-xxx-videos-123651012.html</guid></item>
<item><title>interim govmenyt</title><link>https://securelogin.ons.org/abc/video/video-indian-xhamster-porn-videos-231322837.html</link><description>&lt;div class=&quot;field field-name-field-date field-type-datetime field-label-above;/div&gt;</description><dc:creator>royal</dc:creator><guid isPermaLink="false">13584 at https://securelogin.ons.org/abc/video/video-indian-xhamster-porn-videos-231322837.html</guid></item>
<item><title>interim govmenyt</title><link>https://securelogin.ons.org/abc/video/video-love-sluts-german-kinky-porn-videos-121464350.html</link><description>&lt;div class=&quot;field field-name-field-date field-type-datetime field-label-above;/div&gt;</description><dc:creator>royal</dc:creator><guid isPermaLink="false">13584 at https://securelogin.ons.org/abc/video/video-love-sluts-german-kinky-porn-videos-121464350.html</guid></item>
<item><title>interim govmenyt</title><link>https://securelogin.ons.org/abc/video/video-mms-leaked-videos-indian-hot-252131289.html</link><description>&lt;div class=&quot;field field-name-field-date field-type-datetime field-label-above;/div&gt;</description><dc:creator>royal</dc:creator><guid isPermaLink="false">13584 at https://securelogin.ons.org/abc/video/video-mms-leaked-videos-indian-hot-252131289.html</guid></item>
<item><title>interim govmenyt</title><link>https://securelogin.ons.org/abc/video/video-most-porn-viewed-videos-2025-173494569.html</link><description>&lt;div class=&quot;field field-name-field-date field-type-datetime field-label-above;/div&gt;</description><dc:creator>royal</dc:creator><guid isPermaLink="false">13584 at https://securelogin.ons.org/abc/video/video-most-porn-viewed-videos-2025-173494569.html</guid></item>
<item><title>interim govmenyt</title><link>https://securelogin.ons.org/abc/video/video-movies-bitch-videos-porn-purple-xxx-160417893.html</link><description>&lt;div class=&quot;field field-name-field-date field-type-datetime field-label-above;/div&gt;</description><dc:creator>royal</dc:creator><guid isPermaLink="false">13584 at https://securelogin.ons.org/abc/video/video-movies-bitch-videos-porn-purple-xxx-160417893.html</guid></item>
<item><title>interim govmenyt</title><link>https://securelogin.ons.org/abc/video/video-movies-deshi-videos-indian-sex-porn-558820044.html</link><description>&lt;div class=&quot;field field-name-field-date field-type-datetime field-label-above;/div&gt;</description><dc:creator>royal</dc:creator><guid isPermaLink="false">13584 at https://securelogin.ons.org/abc/video/video-movies-deshi-videos-indian-sex-porn-558820044.html</guid></item>
<item><title>interim govmenyt</title><link>https://securelogin.ons.org/abc/video/video-movies-porn-videos-stepsister-sex-844768255.html</link><description>&lt;div class=&quot;field field-name-field-date field-type-datetime field-label-above;/div&gt;</description><dc:creator>royal</dc:creator><guid isPermaLink="false">13584 at https://securelogin.ons.org/abc/video/video-movies-porn-videos-stepsister-sex-844768255.html</guid></item>
<item><title>interim govmenyt</title><link>https://securelogin.ons.org/abc/video/video-movies-xxx-sex-videos-free-porn-888026072.html</link><description>&lt;div class=&quot;field field-name-field-date field-type-datetime field-label-above;/div&gt;</description><dc:creator>royal</dc:creator><guid isPermaLink="false">13584 at https://securelogin.ons.org/abc/video/video-movies-xxx-sex-videos-free-porn-888026072.html</guid></item>
<item><title>interim govmenyt</title><link>https://securelogin.ons.org/abc/video/video-naughty-america-hd-videos-720p-porn-388786852.html</link><description>&lt;div class=&quot;field field-name-field-date field-type-datetime field-label-above;/div&gt;</description><dc:creator>royal</dc:creator><guid isPermaLink="false">13584 at https://securelogin.ons.org/abc/video/video-naughty-america-hd-videos-720p-porn-388786852.html</guid></item>
<item><title>interim govmenyt</title><link>https://securelogin.ons.org/abc/video/video-naughty-free-videos-america-xxx-462253052.html</link><description>&lt;div class=&quot;field field-name-field-date field-type-datetime field-label-above;/div&gt;</description><dc:creator>royal</dc:creator><guid isPermaLink="false">13584 at https://securelogin.ons.org/abc/video/video-naughty-free-videos-america-xxx-462253052.html</guid></item>
<item><title>interim govmenyt</title><link>https://securelogin.ons.org/abc/video/video-naughty-hardcore-free-porn-america-videos-486498272.html</link><description>&lt;div class=&quot;field field-name-field-date field-type-datetime field-label-above;/div&gt;</description><dc:creator>royal</dc:creator><guid isPermaLink="false">13584 at https://securelogin.ons.org/abc/video/video-naughty-hardcore-free-porn-america-videos-486498272.html</guid></item>
<item><title>interim govmenyt</title><link>https://securelogin.ons.org/abc/video/video-naughty-porn-america-free-length-full-417669298.html</link><description>&lt;div class=&quot;field field-name-field-date field-type-datetime field-label-above;/div&gt;</description><dc:creator>royal</dc:creator><guid isPermaLink="false">13584 at https://securelogin.ons.org/abc/video/video-naughty-porn-america-free-length-full-417669298.html</guid></item>
<item><title>interim govmenyt</title><link>https://securelogin.ons.org/abc/video/video-naughty-videos-porn-free-america-330835213.html</link><description>&lt;div class=&quot;field field-name-field-date field-type-datetime field-label-above;/div&gt;</description><dc:creator>royal</dc:creator><guid isPermaLink="false">13584 at https://securelogin.ons.org/abc/video/video-naughty-videos-porn-free-america-330835213.html</guid></item>
<item><title>interim govmenyt</title><link>https://securelogin.ons.org/abc/video/video-notty-hot-eva-friends-my-is-566337084.html</link><description>&lt;div class=&quot;field field-name-field-date field-type-datetime field-label-above;/div&gt;</description><dc:creator>royal</dc:creator><guid isPermaLink="false">13584 at https://securelogin.ons.org/abc/video/video-notty-hot-eva-friends-my-is-566337084.html</guid></item>
<item><title>interim govmenyt</title><link>https://securelogin.ons.org/abc/video/video-nympho-naughty-watching-caught-milf-gets-331176000.html</link><description>&lt;div class=&quot;field field-name-field-date field-type-datetime field-label-above;/div&gt;</description><dc:creator>royal</dc:creator><guid isPermaLink="false">13584 at https://securelogin.ons.org/abc/video/video-nympho-naughty-watching-caught-milf-gets-331176000.html</guid></item>
<item><title>interim govmenyt</title><link>https://securelogin.ons.org/abc/video/video-onlyfans-video-and-movies-xxx-706953037.html</link><description>&lt;div class=&quot;field field-name-field-date field-type-datetime field-label-above;/div&gt;</description><dc:creator>royal</dc:creator><guid isPermaLink="false">13584 at https://securelogin.ons.org/abc/video/video-onlyfans-video-and-movies-xxx-706953037.html</guid></item>
<item><title>interim govmenyt</title><link>https://securelogin.ons.org/abc/video/video-onlyfans-xxx-videos-186107898.html</link><description>&lt;div class=&quot;field field-name-field-date field-type-datetime field-label-above;/div&gt;</description><dc:creator>royal</dc:creator><guid isPermaLink="false">13584 at https://securelogin.ons.org/abc/video/video-onlyfans-xxx-videos-186107898.html</guid></item>
<item><title>interim govmenyt</title><link>https://securelogin.ons.org/abc/video/video-phim-nhật-sex-bản-hd01-xxx-319801853.html</link><description>&lt;div class=&quot;field field-name-field-date field-type-datetime field-label-above;/div&gt;</description><dc:creator>royal</dc:creator><guid isPermaLink="false">13584 at https://securelogin.ons.org/abc/video/video-phim-nhật-sex-bản-hd01-xxx-319801853.html</guid></item>
<item><title>interim govmenyt</title><link>https://securelogin.ons.org/abc/video/video-phim-sex-hd01-nhật-xxx-bản-119780250.html</link><description>&lt;div class=&quot;field field-name-field-date field-type-datetime field-label-above;/div&gt;</description><dc:creator>royal</dc:creator><guid isPermaLink="false">13584 at https://securelogin.ons.org/abc/video/video-phim-sex-hd01-nhật-xxx-bản-119780250.html</guid></item>
<item><title>interim govmenyt</title><link>https://securelogin.ons.org/abc/video/video-phim-sex-xxx-hd01-sinh-học-275292399.html</link><description>&lt;div class=&quot;field field-name-field-date field-type-datetime field-label-above;/div&gt;</description><dc:creator>royal</dc:creator><guid isPermaLink="false">13584 at https://securelogin.ons.org/abc/video/video-phim-sex-xxx-hd01-sinh-học-275292399.html</guid></item>
<item><title>interim govmenyt</title><link>https://securelogin.ons.org/abc/video/video-phim-xxx-sex-hiếp-hd02-dâm-296696587.html</link><description>&lt;div class=&quot;field field-name-field-date field-type-datetime field-label-above;/div&gt;</description><dc:creator>royal</dc:creator><guid isPermaLink="false">13584 at https://securelogin.ons.org/abc/video/video-phim-xxx-sex-hiếp-hd02-dâm-296696587.html</guid></item>
<item><title>interim govmenyt</title><link>https://securelogin.ons.org/abc/video/video-popular-xxx-download-sex-naughty-america-241400789.html</link><description>&lt;div class=&quot;field field-name-field-date field-type-datetime field-label-above;/div&gt;</description><dc:creator>royal</dc:creator><guid isPermaLink="false">13584 at https://securelogin.ons.org/abc/video/video-popular-xxx-download-sex-naughty-america-241400789.html</guid></item>
<item><title>interim govmenyt</title><link>https://securelogin.ons.org/abc/video/video-porn-busty-sex-busty-babes-and-936477345.html</link><description>&lt;div class=&quot;field field-name-field-date field-type-datetime field-label-above;/div&gt;</description><dc:creator>royal</dc:creator><guid isPermaLink="false">13584 at https://securelogin.ons.org/abc/video/video-porn-busty-sex-busty-babes-and-936477345.html</guid></item>
<item><title>interim govmenyt</title><link>https://securelogin.ons.org/abc/video/video-porn-deshi-girl-videos-stepsister-india-229853771.html</link><description>&lt;div class=&quot;field field-name-field-date field-type-datetime field-label-above;/div&gt;</description><dc:creator>royal</dc:creator><guid isPermaLink="false">13584 at https://securelogin.ons.org/abc/video/video-porn-deshi-girl-videos-stepsister-india-229853771.html</guid></item>
<item><title>interim govmenyt</title><link>https://securelogin.ons.org/abc/video/video-porn-deshi-sex-videos-indian-705162356.html</link><description>&lt;div class=&quot;field field-name-field-date field-type-datetime field-label-above;/div&gt;</description><dc:creator>royal</dc:creator><guid isPermaLink="false">13584 at https://securelogin.ons.org/abc/video/video-porn-deshi-sex-videos-indian-705162356.html</guid></item>
<item><title>interim govmenyt</title><link>https://securelogin.ons.org/abc/video/video-porn-deshi-videos-india-porn-indian-634979829.html</link><description>&lt;div class=&quot;field field-name-field-date field-type-datetime field-label-above;/div&gt;</description><dc:creator>royal</dc:creator><guid isPermaLink="false">13584 at https://securelogin.ons.org/abc/video/video-porn-deshi-videos-india-porn-indian-634979829.html</guid></item>
<item><title>interim govmenyt</title><link>https://securelogin.ons.org/abc/video/video-porn-desi-indian-popular-videos-892304781.html</link><description>&lt;div class=&quot;field field-name-field-date field-type-datetime field-label-above;/div&gt;</description><dc:creator>royal</dc:creator><guid isPermaLink="false">13584 at https://securelogin.ons.org/abc/video/video-porn-desi-indian-popular-videos-892304781.html</guid></item>
<item><title>interim govmenyt</title><link>https://securelogin.ons.org/abc/video/video-porn-full-length-videos-trending-274465798.html</link><description>&lt;div class=&quot;field field-name-field-date field-type-datetime field-label-above;/div&gt;</description><dc:creator>royal</dc:creator><guid isPermaLink="false">13584 at https://securelogin.ons.org/abc/video/video-porn-full-length-videos-trending-274465798.html</guid></item>
<item><title>interim govmenyt</title><link>https://securelogin.ons.org/abc/video/video-porn-hd-free-videos-trending-720p-783272564.html</link><description>&lt;div class=&quot;field field-name-field-date field-type-datetime field-label-above;/div&gt;</description><dc:creator>royal</dc:creator><guid isPermaLink="false">13584 at https://securelogin.ons.org/abc/video/video-porn-hd-free-videos-trending-720p-783272564.html</guid></item>
<item><title>interim govmenyt</title><link>https://securelogin.ons.org/abc/video/video-porn-hindi-best-deshi-indian-sex-504960129.html</link><description>&lt;div class=&quot;field field-name-field-date field-type-datetime field-label-above;/div&gt;</description><dc:creator>royal</dc:creator><guid isPermaLink="false">13584 at https://securelogin.ons.org/abc/video/video-porn-hindi-best-deshi-indian-sex-504960129.html</guid></item>
<item><title>interim govmenyt</title><link>https://securelogin.ons.org/abc/video/video-porn-indian-videos-deshi-245972608.html</link><description>&lt;div class=&quot;field field-name-field-date field-type-datetime field-label-above;/div&gt;</description><dc:creator>royal</dc:creator><guid isPermaLink="false">13584 at https://securelogin.ons.org/abc/video/video-porn-indian-videos-deshi-245972608.html</guid></item>
<item><title>interim govmenyt</title><link>https://securelogin.ons.org/abc/video/video-porn-naughty-america-videos-free-973963708.html</link><description>&lt;div class=&quot;field field-name-field-date field-type-datetime field-label-above;/div&gt;</description><dc:creator>royal</dc:creator><guid isPermaLink="false">13584 at https://securelogin.ons.org/abc/video/video-porn-naughty-america-videos-free-973963708.html</guid></item>
<item><title>interim govmenyt</title><link>https://securelogin.ons.org/abc/video/video-porn-naughty-free-hd-america-videos-799422955.html</link><description>&lt;div class=&quot;field field-name-field-date field-type-datetime field-label-above;/div&gt;</description><dc:creator>royal</dc:creator><guid isPermaLink="false">13584 at https://securelogin.ons.org/abc/video/video-porn-naughty-free-hd-america-videos-799422955.html</guid></item>
<item><title>interim govmenyt</title><link>https://securelogin.ons.org/abc/video/video-porn-on-porn-videos-best-stepsister-191152142.html</link><description>&lt;div class=&quot;field field-name-field-date field-type-datetime field-label-above;/div&gt;</description><dc:creator>royal</dc:creator><guid isPermaLink="false">13584 at https://securelogin.ons.org/abc/video/video-porn-on-porn-videos-best-stepsister-191152142.html</guid></item>
<item><title>interim govmenyt</title><link>https://securelogin.ons.org/abc/video/video-porn-porn-xhamster-videos-brazzer-459970799.html</link><description>&lt;div class=&quot;field field-name-field-date field-type-datetime field-label-above;/div&gt;</description><dc:creator>royal</dc:creator><guid isPermaLink="false">13584 at https://securelogin.ons.org/abc/video/video-porn-porn-xhamster-videos-brazzer-459970799.html</guid></item>
<item><title>interim govmenyt</title><link>https://securelogin.ons.org/abc/video/video-porn-video-videos-xhamster-632503159.html</link><description>&lt;div class=&quot;field field-name-field-date field-type-datetime field-label-above;/div&gt;</description><dc:creator>royal</dc:creator><guid isPermaLink="false">13584 at https://securelogin.ons.org/abc/video/video-porn-video-videos-xhamster-632503159.html</guid></item>
<item><title>interim govmenyt</title><link>https://securelogin.ons.org/abc/video/video-porn-video-xxx-deshi-indian-hindi-122405314.html</link><description>&lt;div class=&quot;field field-name-field-date field-type-datetime field-label-above;/div&gt;</description><dc:creator>royal</dc:creator><guid isPermaLink="false">13584 at https://securelogin.ons.org/abc/video/video-porn-video-xxx-deshi-indian-hindi-122405314.html</guid></item>
<item><title>interim govmenyt</title><link>https://securelogin.ons.org/abc/video/video-porn-videos-america-naughty-457866342.html</link><description>&lt;div class=&quot;field field-name-field-date field-type-datetime field-label-above;/div&gt;</description><dc:creator>royal</dc:creator><guid isPermaLink="false">13584 at https://securelogin.ons.org/abc/video/video-porn-videos-america-naughty-457866342.html</guid></item>
<item><title>interim govmenyt</title><link>https://securelogin.ons.org/abc/video/video-porn-videos-desi-xhamster-porn-indian-447191933.html</link><description>&lt;div class=&quot;field field-name-field-date field-type-datetime field-label-above;/div&gt;</description><dc:creator>royal</dc:creator><guid isPermaLink="false">13584 at https://securelogin.ons.org/abc/video/video-porn-videos-desi-xhamster-porn-indian-447191933.html</guid></item>
<item><title>interim govmenyt</title><link>https://securelogin.ons.org/abc/video/video-porn-videos-free-indian-xhamster-deshi-976588783.html</link><description>&lt;div class=&quot;field field-name-field-date field-type-datetime field-label-above;/div&gt;</description><dc:creator>royal</dc:creator><guid isPermaLink="false">13584 at https://securelogin.ons.org/abc/video/video-porn-videos-free-indian-xhamster-deshi-976588783.html</guid></item>
<item><title>interim govmenyt</title><link>https://securelogin.ons.org/abc/video/video-porn-videos-indian-best-927211537.html</link><description>&lt;div class=&quot;field field-name-field-date field-type-datetime field-label-above;/div&gt;</description><dc:creator>royal</dc:creator><guid isPermaLink="false">13584 at https://securelogin.ons.org/abc/video/video-porn-videos-indian-best-927211537.html</guid></item>
<item><title>interim govmenyt</title><link>https://securelogin.ons.org/abc/video/video-porn-videos-onlyfans-944383973.html</link><description>&lt;div class=&quot;field field-name-field-date field-type-datetime field-label-above;/div&gt;</description><dc:creator>royal</dc:creator><guid isPermaLink="false">13584 at https://securelogin.ons.org/abc/video/video-porn-videos-onlyfans-944383973.html</guid></item>
<item><title>interim govmenyt</title><link>https://securelogin.ons.org/abc/video/video-porn-videos-pussy-purple-bitch-659912715.html</link><description>&lt;div class=&quot;field field-name-field-date field-type-datetime field-label-above;/div&gt;</description><dc:creator>royal</dc:creator><guid isPermaLink="false">13584 at https://securelogin.ons.org/abc/video/video-porn-videos-pussy-purple-bitch-659912715.html</guid></item>
<item><title>interim govmenyt</title><link>https://securelogin.ons.org/abc/video/video-porn-videos-sex-videos-lesbian-970933587.html</link><description>&lt;div class=&quot;field field-name-field-date field-type-datetime field-label-above;/div&gt;</description><dc:creator>royal</dc:creator><guid isPermaLink="false">13584 at https://securelogin.ons.org/abc/video/video-porn-videos-sex-videos-lesbian-970933587.html</guid></item>
<item><title>interim govmenyt</title><link>https://securelogin.ons.org/abc/video/video-porn-videos-xvideos-brazzers-xhamster-799687650.html</link><description>&lt;div class=&quot;field field-name-field-date field-type-datetime field-label-above;/div&gt;</description><dc:creator>royal</dc:creator><guid isPermaLink="false">13584 at https://securelogin.ons.org/abc/video/video-porn-videos-xvideos-brazzers-xhamster-799687650.html</guid></item>
<item><title>interim govmenyt</title><link>https://securelogin.ons.org/abc/video/video-porn-xhamster-videos-deshi-411331775.html</link><description>&lt;div class=&quot;field field-name-field-date field-type-datetime field-label-above;/div&gt;</description><dc:creator>royal</dc:creator><guid isPermaLink="false">13584 at https://securelogin.ons.org/abc/video/video-porn-xhamster-videos-deshi-411331775.html</guid></item>
<item><title>interim govmenyt</title><link>https://securelogin.ons.org/abc/video/video-porn-xhamster-videos-free-indian-desi-683738057.html</link><description>&lt;div class=&quot;field field-name-field-date field-type-datetime field-label-above;/div&gt;</description><dc:creator>royal</dc:creator><guid isPermaLink="false">13584 at https://securelogin.ons.org/abc/video/video-porn-xhamster-videos-free-indian-desi-683738057.html</guid></item>
<item><title>interim govmenyt</title><link>https://securelogin.ons.org/abc/video/video-porn-xxx-america-videos-naughty-free-965165069.html</link><description>&lt;div class=&quot;field field-name-field-date field-type-datetime field-label-above;/div&gt;</description><dc:creator>royal</dc:creator><guid isPermaLink="false">13584 at https://securelogin.ons.org/abc/video/video-porn-xxx-america-videos-naughty-free-965165069.html</guid></item>
<item><title>interim govmenyt</title><link>https://securelogin.ons.org/abc/video/video-porn-xxx-deshi-videos-870046955.html</link><description>&lt;div class=&quot;field field-name-field-date field-type-datetime field-label-above;/div&gt;</description><dc:creator>royal</dc:creator><guid isPermaLink="false">13584 at https://securelogin.ons.org/abc/video/video-porn-xxx-deshi-videos-870046955.html</guid></item>
<item><title>interim govmenyt</title><link>https://securelogin.ons.org/abc/video/video-reels-new-instagram-trending-hot-974352749.html</link><description>&lt;div class=&quot;field field-name-field-date field-type-datetime field-label-above;/div&gt;</description><dc:creator>royal</dc:creator><guid isPermaLink="false">13584 at https://securelogin.ons.org/abc/video/video-reels-new-instagram-trending-hot-974352749.html</guid></item>
<item><title>interim govmenyt</title><link>https://securelogin.ons.org/abc/video/video-s-free-brazzers-porn-videos-113786847.html</link><description>&lt;div class=&quot;field field-name-field-date field-type-datetime field-label-above;/div&gt;</description><dc:creator>royal</dc:creator><guid isPermaLink="false">13584 at https://securelogin.ons.org/abc/video/video-s-free-brazzers-porn-videos-113786847.html</guid></item>
<item><title>interim govmenyt</title><link>https://securelogin.ons.org/abc/video/video-s-naughty-porn-america-free-videos-903895183.html</link><description>&lt;div class=&quot;field field-name-field-date field-type-datetime field-label-above;/div&gt;</description><dc:creator>royal</dc:creator><guid isPermaLink="false">13584 at https://securelogin.ons.org/abc/video/video-s-naughty-porn-america-free-videos-903895183.html</guid></item>
<item><title>interim govmenyt</title><link>https://securelogin.ons.org/abc/video/video-s-videos-porn-purple-new-bitch-471236847.html</link><description>&lt;div class=&quot;field field-name-field-date field-type-datetime field-label-above;/div&gt;</description><dc:creator>royal</dc:creator><guid isPermaLink="false">13584 at https://securelogin.ons.org/abc/video/video-s-videos-porn-purple-new-bitch-471236847.html</guid></item>
<item><title>interim govmenyt</title><link>https://securelogin.ons.org/abc/video/video-sex-deshi-videos-237358378.html</link><description>&lt;div class=&quot;field field-name-field-date field-type-datetime field-label-above;/div&gt;</description><dc:creator>royal</dc:creator><guid isPermaLink="false">13584 at https://securelogin.ons.org/abc/video/video-sex-deshi-videos-237358378.html</guid></item>
<item><title>interim govmenyt</title><link>https://securelogin.ons.org/abc/video/video-sex-indian-video-deshi-videos-porn-332418959.html</link><description>&lt;div class=&quot;field field-name-field-date field-type-datetime field-label-above;/div&gt;</description><dc:creator>royal</dc:creator><guid isPermaLink="false">13584 at https://securelogin.ons.org/abc/video/video-sex-indian-video-deshi-videos-porn-332418959.html</guid></item>
<item><title>interim govmenyt</title><link>https://securelogin.ons.org/abc/video/video-sex-porn-videos-bitch-purple-992242478.html</link><description>&lt;div class=&quot;field field-name-field-date field-type-datetime field-label-above;/div&gt;</description><dc:creator>royal</dc:creator><guid isPermaLink="false">13584 at https://securelogin.ons.org/abc/video/video-sex-porn-videos-bitch-purple-992242478.html</guid></item>
<item><title>interim govmenyt</title><link>https://securelogin.ons.org/abc/video/video-sex-videos-deshi-indian-porn-free-532957490.html</link><description>&lt;div class=&quot;field field-name-field-date field-type-datetime field-label-above;/div&gt;</description><dc:creator>royal</dc:creator><guid isPermaLink="false">13584 at https://securelogin.ons.org/abc/video/video-sex-videos-deshi-indian-porn-free-532957490.html</guid></item>
<item><title>interim govmenyt</title><link>https://securelogin.ons.org/abc/video/video-sex-videos-hd-brazzers-535619179.html</link><description>&lt;div class=&quot;field field-name-field-date field-type-datetime field-label-above;/div&gt;</description><dc:creator>royal</dc:creator><guid isPermaLink="false">13584 at https://securelogin.ons.org/abc/video/video-sex-videos-hd-brazzers-535619179.html</guid></item>
<item><title>interim govmenyt</title><link>https://securelogin.ons.org/abc/video/video-sexy-videos-funny-girl-indian-hot-974951425.html</link><description>&lt;div class=&quot;field field-name-field-date field-type-datetime field-label-above;/div&gt;</description><dc:creator>royal</dc:creator><guid isPermaLink="false">13584 at https://securelogin.ons.org/abc/video/video-sexy-videos-funny-girl-indian-hot-974951425.html</guid></item>
<item><title>interim govmenyt</title><link>https://securelogin.ons.org/abc/video/video-shemale-trans-xxx-videos-free-porn-835686700.html</link><description>&lt;div class=&quot;field field-name-field-date field-type-datetime field-label-above;/div&gt;</description><dc:creator>royal</dc:creator><guid isPermaLink="false">13584 at https://securelogin.ons.org/abc/video/video-shemale-trans-xxx-videos-free-porn-835686700.html</guid></item>
<item><title>interim govmenyt</title><link>https://securelogin.ons.org/abc/video/video-sister-my-free-step-fucking-porn-838096910.html</link><description>&lt;div class=&quot;field field-name-field-date field-type-datetime field-label-above;/div&gt;</description><dc:creator>royal</dc:creator><guid isPermaLink="false">13584 at https://securelogin.ons.org/abc/video/video-sister-my-free-step-fucking-porn-838096910.html</guid></item>
<item><title>interim govmenyt</title><link>https://securelogin.ons.org/abc/video/video-states-porn-united-american-sex-videos-250645426.html</link><description>&lt;div class=&quot;field field-name-field-date field-type-datetime field-label-above;/div&gt;</description><dc:creator>royal</dc:creator><guid isPermaLink="false">13584 at https://securelogin.ons.org/abc/video/video-states-porn-united-american-sex-videos-250645426.html</guid></item>
<item><title>interim govmenyt</title><link>https://securelogin.ons.org/abc/video/video-stepsister-porn-videos-265079532.html</link><description>&lt;div class=&quot;field field-name-field-date field-type-datetime field-label-above;/div&gt;</description><dc:creator>royal</dc:creator><guid isPermaLink="false">13584 at https://securelogin.ons.org/abc/video/video-stepsister-porn-videos-265079532.html</guid></item>
<item><title>interim govmenyt</title><link>https://securelogin.ons.org/abc/video/video-strokes-porn-free-family-videos-478270198.html</link><description>&lt;div class=&quot;field field-name-field-date field-type-datetime field-label-above;/div&gt;</description><dc:creator>royal</dc:creator><guid isPermaLink="false">13584 at https://securelogin.ons.org/abc/video/video-strokes-porn-free-family-videos-478270198.html</guid></item>
<item><title>interim govmenyt</title><link>https://securelogin.ons.org/abc/video/video-trending-videos-deshi-indian-porn-viral-550406410.html</link><description>&lt;div class=&quot;field field-name-field-date field-type-datetime field-label-above;/div&gt;</description><dc:creator>royal</dc:creator><guid isPermaLink="false">13584 at https://securelogin.ons.org/abc/video/video-trending-videos-deshi-indian-porn-viral-550406410.html</guid></item>
<item><title>interim govmenyt</title><link>https://securelogin.ons.org/abc/video/video-video-videos-xhamster-busty-porn-956318457.html</link><description>&lt;div class=&quot;field field-name-field-date field-type-datetime field-label-above;/div&gt;</description><dc:creator>royal</dc:creator><guid isPermaLink="false">13584 at https://securelogin.ons.org/abc/video/video-video-videos-xhamster-busty-porn-956318457.html</guid></item>
<item><title>interim govmenyt</title><link>https://securelogin.ons.org/abc/video/video-videos-4k-america-porn-naughty-914126954.html</link><description>&lt;div class=&quot;field field-name-field-date field-type-datetime field-label-above;/div&gt;</description><dc:creator>royal</dc:creator><guid isPermaLink="false">13584 at https://securelogin.ons.org/abc/video/video-videos-4k-america-porn-naughty-914126954.html</guid></item>
<item><title>interim govmenyt</title><link>https://securelogin.ons.org/abc/video/video-videos-all-most-viewed-pornhub-time-422351515.html</link><description>&lt;div class=&quot;field field-name-field-date field-type-datetime field-label-above;/div&gt;</description><dc:creator>royal</dc:creator><guid isPermaLink="false">13584 at https://securelogin.ons.org/abc/video/video-videos-all-most-viewed-pornhub-time-422351515.html</guid></item>
<item><title>interim govmenyt</title><link>https://securelogin.ons.org/abc/video/video-videos-america-sex-naughty-free-hd-722490351.html</link><description>&lt;div class=&quot;field field-name-field-date field-type-datetime field-label-above;/div&gt;</description><dc:creator>royal</dc:creator><guid isPermaLink="false">13584 at https://securelogin.ons.org/abc/video/video-videos-america-sex-naughty-free-hd-722490351.html</guid></item>
<item><title>interim govmenyt</title><link>https://securelogin.ons.org/abc/video/video-videos-brazzers-porn-320027697.html</link><description>&lt;div class=&quot;field field-name-field-date field-type-datetime field-label-above;/div&gt;</description><dc:creator>royal</dc:creator><guid isPermaLink="false">13584 at https://securelogin.ons.org/abc/video/video-videos-brazzers-porn-320027697.html</guid></item>
<item><title>interim govmenyt</title><link>https://securelogin.ons.org/abc/video/video-videos-creampie-porn-purple-bitch-430423991.html</link><description>&lt;div class=&quot;field field-name-field-date field-type-datetime field-label-above;/div&gt;</description><dc:creator>royal</dc:creator><guid isPermaLink="false">13584 at https://securelogin.ons.org/abc/video/video-videos-creampie-porn-purple-bitch-430423991.html</guid></item>
<item><title>interim govmenyt</title><link>https://securelogin.ons.org/abc/video/video-videos-deshi-porn-indian-329756233.html</link><description>&lt;div class=&quot;field field-name-field-date field-type-datetime field-label-above;/div&gt;</description><dc:creator>royal</dc:creator><guid isPermaLink="false">13584 at https://securelogin.ons.org/abc/video/video-videos-deshi-porn-indian-329756233.html</guid></item>
<item><title>interim govmenyt</title><link>https://securelogin.ons.org/abc/video/video-videos-deshi-xhamster-porn-618087090.html</link><description>&lt;div class=&quot;field field-name-field-date field-type-datetime field-label-above;/div&gt;</description><dc:creator>royal</dc:creator><guid isPermaLink="false">13584 at https://securelogin.ons.org/abc/video/video-videos-deshi-xhamster-porn-618087090.html</guid></item>
<item><title>interim govmenyt</title><link>https://securelogin.ons.org/abc/video/video-videos-desi-indian-sex-videos-xxx-619872029.html</link><description>&lt;div class=&quot;field field-name-field-date field-type-datetime field-label-above;/div&gt;</description><dc:creator>royal</dc:creator><guid isPermaLink="false">13584 at https://securelogin.ons.org/abc/video/video-videos-desi-indian-sex-videos-xxx-619872029.html</guid></item>
<item><title>interim govmenyt</title><link>https://securelogin.ons.org/abc/video/video-videos-free-big-tits-porn-xhamster-125547674.html</link><description>&lt;div class=&quot;field field-name-field-date field-type-datetime field-label-above;/div&gt;</description><dc:creator>royal</dc:creator><guid isPermaLink="false">13584 at https://securelogin.ons.org/abc/video/video-videos-free-big-tits-porn-xhamster-125547674.html</guid></item>
<item><title>interim govmenyt</title><link>https://securelogin.ons.org/abc/video/video-videos-hardcore-with-of-porn-sex-230508575.html</link><description>&lt;div class=&quot;field field-name-field-date field-type-datetime field-label-above;/div&gt;</description><dc:creator>royal</dc:creator><guid isPermaLink="false">13584 at https://securelogin.ons.org/abc/video/video-videos-hardcore-with-of-porn-sex-230508575.html</guid></item>
<item><title>interim govmenyt</title><link>https://securelogin.ons.org/abc/video/video-videos-hot-girls-tiktok-latest-indian-858153083.html</link><description>&lt;div class=&quot;field field-name-field-date field-type-datetime field-label-above;/div&gt;</description><dc:creator>royal</dc:creator><guid isPermaLink="false">13584 at https://securelogin.ons.org/abc/video/video-videos-hot-girls-tiktok-latest-indian-858153083.html</guid></item>
<item><title>interim govmenyt</title><link>https://securelogin.ons.org/abc/video/video-videos-lesbian-bitch-porn-purple-282431084.html</link><description>&lt;div class=&quot;field field-name-field-date field-type-datetime field-label-above;/div&gt;</description><dc:creator>royal</dc:creator><guid isPermaLink="false">13584 at https://securelogin.ons.org/abc/video/video-videos-lesbian-bitch-porn-purple-282431084.html</guid></item>
<item><title>interim govmenyt</title><link>https://securelogin.ons.org/abc/video/video-videos-movies-indian-deshi-xxx-porn-795031558.html</link><description>&lt;div class=&quot;field field-name-field-date field-type-datetime field-label-above;/div&gt;</description><dc:creator>royal</dc:creator><guid isPermaLink="false">13584 at https://securelogin.ons.org/abc/video/video-videos-movies-indian-deshi-xxx-porn-795031558.html</guid></item>
<item><title>interim govmenyt</title><link>https://securelogin.ons.org/abc/video/video-videos-naughty-porn-720p-america-hd-960183996.html</link><description>&lt;div class=&quot;field field-name-field-date field-type-datetime field-label-above;/div&gt;</description><dc:creator>royal</dc:creator><guid isPermaLink="false">13584 at https://securelogin.ons.org/abc/video/video-videos-naughty-porn-720p-america-hd-960183996.html</guid></item>
<item><title>interim govmenyt</title><link>https://securelogin.ons.org/abc/video/video-videos-naughty-xxx-america-179255213.html</link><description>&lt;div class=&quot;field field-name-field-date field-type-datetime field-label-above;/div&gt;</description><dc:creator>royal</dc:creator><guid isPermaLink="false">13584 at https://securelogin.ons.org/abc/video/video-videos-naughty-xxx-america-179255213.html</guid></item>
<item><title>interim govmenyt</title><link>https://securelogin.ons.org/abc/video/video-videos-naughtyamerica-porn-naughty-free-america-689942242.html</link><description>&lt;div class=&quot;field field-name-field-date field-type-datetime field-label-above;/div&gt;</description><dc:creator>royal</dc:creator><guid isPermaLink="false">13584 at https://securelogin.ons.org/abc/video/video-videos-naughtyamerica-porn-naughty-free-america-689942242.html</guid></item>
<item><title>interim govmenyt</title><link>https://securelogin.ons.org/abc/video/video-videos-porn-big-on-best-tits-285258559.html</link><description>&lt;div class=&quot;field field-name-field-date field-type-datetime field-label-above;/div&gt;</description><dc:creator>royal</dc:creator><guid isPermaLink="false">13584 at https://securelogin.ons.org/abc/video/video-videos-porn-big-on-best-tits-285258559.html</guid></item>
<item><title>interim govmenyt</title><link>https://securelogin.ons.org/abc/video/video-videos-porn-bitch-the-purple-488233475.html</link><description>&lt;div class=&quot;field field-name-field-date field-type-datetime field-label-above;/div&gt;</description><dc:creator>royal</dc:creator><guid isPermaLink="false">13584 at https://securelogin.ons.org/abc/video/video-videos-porn-bitch-the-purple-488233475.html</guid></item>
<item><title>interim govmenyt</title><link>https://securelogin.ons.org/abc/video/video-videos-porn-deshi-new-764154195.html</link><description>&lt;div class=&quot;field field-name-field-date field-type-datetime field-label-above;/div&gt;</description><dc:creator>royal</dc:creator><guid isPermaLink="false">13584 at https://securelogin.ons.org/abc/video/video-videos-porn-deshi-new-764154195.html</guid></item>
<item><title>interim govmenyt</title><link>https://securelogin.ons.org/abc/video/video-videos-porn-hd-hot-free-brazzers-728564686.html</link><description>&lt;div class=&quot;field field-name-field-date field-type-datetime field-label-above;/div&gt;</description><dc:creator>royal</dc:creator><guid isPermaLink="false">13584 at https://securelogin.ons.org/abc/video/video-videos-porn-hd-hot-free-brazzers-728564686.html</guid></item>
<item><title>interim govmenyt</title><link>https://securelogin.ons.org/abc/video/video-videos-porn-porn-indian-deshi-908790349.html</link><description>&lt;div class=&quot;field field-name-field-date field-type-datetime field-label-above;/div&gt;</description><dc:creator>royal</dc:creator><guid isPermaLink="false">13584 at https://securelogin.ons.org/abc/video/video-videos-porn-porn-indian-deshi-908790349.html</guid></item>
<item><title>interim govmenyt</title><link>https://securelogin.ons.org/abc/video/video-videos-sex-naughty-porn-america-movies-431660996.html</link><description>&lt;div class=&quot;field field-name-field-date field-type-datetime field-label-above;/div&gt;</description><dc:creator>royal</dc:creator><guid isPermaLink="false">13584 at https://securelogin.ons.org/abc/video/video-videos-sex-naughty-porn-america-movies-431660996.html</guid></item>
<item><title>interim govmenyt</title><link>https://securelogin.ons.org/abc/video/video-videos-sex-porn-deshi-179652768.html</link><description>&lt;div class=&quot;field field-name-field-date field-type-datetime field-label-above;/div&gt;</description><dc:creator>royal</dc:creator><guid isPermaLink="false">13584 at https://securelogin.ons.org/abc/video/video-videos-sex-porn-deshi-179652768.html</guid></item>
<item><title>interim govmenyt</title><link>https://securelogin.ons.org/abc/video/video-videos-sister-porn-free-step-172923467.html</link><description>&lt;div class=&quot;field field-name-field-date field-type-datetime field-label-above;/div&gt;</description><dc:creator>royal</dc:creator><guid isPermaLink="false">13584 at https://securelogin.ons.org/abc/video/video-videos-sister-porn-free-step-172923467.html</guid></item>
<item><title>interim govmenyt</title><link>https://securelogin.ons.org/abc/video/video-videos-teens-huge-boobs-porn-busty-629312351.html</link><description>&lt;div class=&quot;field field-name-field-date field-type-datetime field-label-above;/div&gt;</description><dc:creator>royal</dc:creator><guid isPermaLink="false">13584 at https://securelogin.ons.org/abc/video/video-videos-teens-huge-boobs-porn-busty-629312351.html</guid></item>
<item><title>interim govmenyt</title><link>https://securelogin.ons.org/abc/video/video-videos-threesome-bitch-purple-porn-350858944.html</link><description>&lt;div class=&quot;field field-name-field-date field-type-datetime field-label-above;/div&gt;</description><dc:creator>royal</dc:creator><guid isPermaLink="false">13584 at https://securelogin.ons.org/abc/video/video-videos-threesome-bitch-purple-porn-350858944.html</guid></item>
<item><title>interim govmenyt</title><link>https://securelogin.ons.org/abc/video/video-videos-week-s-best-porn-this-953300912.html</link><description>&lt;div class=&quot;field field-name-field-date field-type-datetime field-label-above;/div&gt;</description><dc:creator>royal</dc:creator><guid isPermaLink="false">13584 at https://securelogin.ons.org/abc/video/video-videos-week-s-best-porn-this-953300912.html</guid></item>
<item><title>interim govmenyt</title><link>https://securelogin.ons.org/abc/video/video-videos-xhamster-naughty-xxx-porn-america-586508677.html</link><description>&lt;div class=&quot;field field-name-field-date field-type-datetime field-label-above;/div&gt;</description><dc:creator>royal</dc:creator><guid isPermaLink="false">13584 at https://securelogin.ons.org/abc/video/video-videos-xhamster-naughty-xxx-porn-america-586508677.html</guid></item>
<item><title>interim govmenyt</title><link>https://securelogin.ons.org/abc/video/video-videos-xxx-indian-deshi-833987122.html</link><description>&lt;div class=&quot;field field-name-field-date field-type-datetime field-label-above;/div&gt;</description><dc:creator>royal</dc:creator><guid isPermaLink="false">13584 at https://securelogin.ons.org/abc/video/video-videos-xxx-indian-deshi-833987122.html</guid></item>
<item><title>interim govmenyt</title><link>https://securelogin.ons.org/abc/video/video-vietsub-trung-quốc-sex-hd02-439513674.html</link><description>&lt;div class=&quot;field field-name-field-date field-type-datetime field-label-above;/div&gt;</description><dc:creator>royal</dc:creator><guid isPermaLink="false">13584 at https://securelogin.ons.org/abc/video/video-vietsub-trung-quốc-sex-hd02-439513674.html</guid></item>
<item><title>interim govmenyt</title><link>https://securelogin.ons.org/abc/video/video-viral-trending-deshi-videos-porn-534083387.html</link><description>&lt;div class=&quot;field field-name-field-date field-type-datetime field-label-above;/div&gt;</description><dc:creator>royal</dc:creator><guid isPermaLink="false">13584 at https://securelogin.ons.org/abc/video/video-viral-trending-deshi-videos-porn-534083387.html</guid></item>
<item><title>interim govmenyt</title><link>https://securelogin.ons.org/abc/video/video-viral-video-india-188909229.html</link><description>&lt;div class=&quot;field field-name-field-date field-type-datetime field-label-above;/div&gt;</description><dc:creator>royal</dc:creator><guid isPermaLink="false">13584 at https://securelogin.ons.org/abc/video/video-viral-video-india-188909229.html</guid></item>
<item><title>interim govmenyt</title><link>https://securelogin.ons.org/abc/video/video-vr-official-america-naughty-porn-hd-511830516.html</link><description>&lt;div class=&quot;field field-name-field-date field-type-datetime field-label-above;/div&gt;</description><dc:creator>royal</dc:creator><guid isPermaLink="false">13584 at https://securelogin.ons.org/abc/video/video-vr-official-america-naughty-porn-hd-511830516.html</guid></item>
<item><title>interim govmenyt</title><link>https://securelogin.ons.org/abc/video/video-vr-videos-virtual-porn-sex-reality-766595107.html</link><description>&lt;div class=&quot;field field-name-field-date field-type-datetime field-label-above;/div&gt;</description><dc:creator>royal</dc:creator><guid isPermaLink="false">13584 at https://securelogin.ons.org/abc/video/video-vr-videos-virtual-porn-sex-reality-766595107.html</guid></item>
<item><title>interim govmenyt</title><link>https://securelogin.ons.org/abc/video/video-wild-porn-free-amateur-girls-videos-710918006.html</link><description>&lt;div class=&quot;field field-name-field-date field-type-datetime field-label-above;/div&gt;</description><dc:creator>royal</dc:creator><guid isPermaLink="false">13584 at https://securelogin.ons.org/abc/video/video-wild-porn-free-amateur-girls-videos-710918006.html</guid></item>
<item><title>interim govmenyt</title><link>https://securelogin.ons.org/abc/video/video-with-indian-porn-sex-hot-videos-178166784.html</link><description>&lt;div class=&quot;field field-name-field-date field-type-datetime field-label-above;/div&gt;</description><dc:creator>royal</dc:creator><guid isPermaLink="false">13584 at https://securelogin.ons.org/abc/video/video-with-indian-porn-sex-hot-videos-178166784.html</guid></item>
<item><title>interim govmenyt</title><link>https://securelogin.ons.org/abc/video/video-xhamster-busty-videos-porn-309310250.html</link><description>&lt;div class=&quot;field field-name-field-date field-type-datetime field-label-above;/div&gt;</description><dc:creator>royal</dc:creator><guid isPermaLink="false">13584 at https://securelogin.ons.org/abc/video/video-xhamster-busty-videos-porn-309310250.html</guid></item>
<item><title>interim govmenyt</title><link>https://securelogin.ons.org/abc/video/video-xhamster-deshi-indian-videos-porn-186713157.html</link><description>&lt;div class=&quot;field field-name-field-date field-type-datetime field-label-above;/div&gt;</description><dc:creator>royal</dc:creator><guid isPermaLink="false">13584 at https://securelogin.ons.org/abc/video/video-xhamster-deshi-indian-videos-porn-186713157.html</guid></item>
<item><title>interim govmenyt</title><link>https://securelogin.ons.org/abc/video/video-xhamster-porn-porn-video-collection-videos-477550293.html</link><description>&lt;div class=&quot;field field-name-field-date field-type-datetime field-label-above;/div&gt;</description><dc:creator>royal</dc:creator><guid isPermaLink="false">13584 at https://securelogin.ons.org/abc/video/video-xhamster-porn-porn-video-collection-videos-477550293.html</guid></item>
<item><title>interim govmenyt</title><link>https://securelogin.ons.org/abc/video/video-xhamster-videos-porn-389470459.html</link><description>&lt;div class=&quot;field field-name-field-date field-type-datetime field-label-above;/div&gt;</description><dc:creator>royal</dc:creator><guid isPermaLink="false">13584 at https://securelogin.ons.org/abc/video/video-xhamster-videos-porn-389470459.html</guid></item>
<item><title>interim govmenyt</title><link>https://securelogin.ons.org/abc/video/video-xhamster-videos-porn-videos-557670055.html</link><description>&lt;div class=&quot;field field-name-field-date field-type-datetime field-label-above;/div&gt;</description><dc:creator>royal</dc:creator><guid isPermaLink="false">13584 at https://securelogin.ons.org/abc/video/video-xhamster-videos-porn-videos-557670055.html</guid></item>
<item><title>interim govmenyt</title><link>https://securelogin.ons.org/abc/video/video-xxx-free-naughty-videos-america-784028312.html</link><description>&lt;div class=&quot;field field-name-field-date field-type-datetime field-label-above;/div&gt;</description><dc:creator>royal</dc:creator><guid isPermaLink="false">13584 at https://securelogin.ons.org/abc/video/video-xxx-free-naughty-videos-america-784028312.html</guid></item>
<item><title>interim govmenyt</title><link>https://securelogin.ons.org/abc/video/video-xxx-naughty-porn-videos-america-321706435.html</link><description>&lt;div class=&quot;field field-name-field-date field-type-datetime field-label-above;/div&gt;</description><dc:creator>royal</dc:creator><guid isPermaLink="false">13584 at https://securelogin.ons.org/abc/video/video-xxx-naughty-porn-videos-america-321706435.html</guid></item>
<item><title>interim govmenyt</title><link>https://securelogin.ons.org/abc/video/video-xxx-naughty-tube-porn-videos-america-572542711.html</link><description>&lt;div class=&quot;field field-name-field-date field-type-datetime field-label-above;/div&gt;</description><dc:creator>royal</dc:creator><guid isPermaLink="false">13584 at https://securelogin.ons.org/abc/video/video-xxx-naughty-tube-porn-videos-america-572542711.html</guid></item>
<item><title>interim govmenyt</title><link>https://securelogin.ons.org/abc/video/video-xxx-porn-videos-indian-deshi-680777298.html</link><description>&lt;div class=&quot;field field-name-field-date field-type-datetime field-label-above;/div&gt;</description><dc:creator>royal</dc:creator><guid isPermaLink="false">13584 at https://securelogin.ons.org/abc/video/video-xxx-porn-videos-indian-deshi-680777298.html</guid></item>
<item><title>interim govmenyt</title><link>https://securelogin.ons.org/abc/video/video-xxx-videos-girl-deshi-898594278.html</link><description>&lt;div class=&quot;field field-name-field-date field-type-datetime field-label-above;/div&gt;</description><dc:creator>royal</dc:creator><guid isPermaLink="false">13584 at https://securelogin.ons.org/abc/video/video-xxx-videos-girl-deshi-898594278.html</guid></item>
<item><title>interim govmenyt</title><link>https://securelogin.ons.org/abc/video/video-xxx-videos-viral-trending-559401179.html</link><description>&lt;div class=&quot;field field-name-field-date field-type-datetime field-label-above;/div&gt;</description><dc:creator>royal</dc:creator><guid isPermaLink="false">13584 at https://securelogin.ons.org/abc/video/video-xxx-videos-viral-trending-559401179.html</guid></item>
<item><title>interim govmenyt</title><link>https://securelogin.ons.org/abc/video/video-xxx-xxxbp-indian-porn-videos-desi-436145521.html</link><description>&lt;div class=&quot;field field-name-field-date field-type-datetime field-label-above;/div&gt;</description><dc:creator>royal</dc:creator><guid isPermaLink="false">13584 at https://securelogin.ons.org/abc/video/video-xxx-xxxbp-indian-porn-videos-desi-436145521.html</guid></item>
<item><title>interim govmenyt</title><link>https://securelogin.ons.org/abc/video/video-xxxbp-videos-xxx-porn-desi-2025-203676648.html</link><description>&lt;div class=&quot;field field-name-field-date field-type-datetime field-label-above;/div&gt;</description><dc:creator>royal</dc:creator><guid isPermaLink="false">13584 at https://securelogin.ons.org/abc/video/video-xxxbp-videos-xxx-porn-desi-2025-203676648.html</guid></item>
</channel>
</rss>
