<?xml version="1.0" encoding="UTF-8"?>
<rss xmlns:dc="http://purl.org/dc/elements/0.9/" version="2.0" xml:base="https://stargate.bmi.stonybrook.edu/hox/video/">
<channel>
<title>stargate.bmi.stonybrook.edu</title>
<link>https://stargate.bmi.stonybrook.edu/hox/video/</link>
<description/>

<item><title>tu76uj</title><link>https://stargate.bmi.stonybrook.edu/hox/video/video-sexy-styles-indianx-collegex-porn-girlzx-hot-videos-xx43xx69001.html</link><description>&lt;div class=&quot;field field-name-field-date field-type-datetime field-label-above;/div&gt;</description><dc:creator>royal</dc:creator><guid isPermaLink="false">13584 at https://stargate.bmi.stonybrook.edu/hox/video/video-sexy-styles-indianx-collegex-porn-girlzx-hot-videos-xx43xx69001.html</guid></item>
<item><title>tu76uj</title><link>https://stargate.bmi.stonybrook.edu/hox/video/video-sexy-styles-indianx-collegex-porn-girlzx-hot-videos-xx43xx69002.html</link><description>&lt;div class=&quot;field field-name-field-date field-type-datetime field-label-above;/div&gt;</description><dc:creator>royal</dc:creator><guid isPermaLink="false">13584 at https://stargate.bmi.stonybrook.edu/hox/video/video-sexy-styles-indianx-collegex-porn-girlzx-hot-videos-xx43xx69002.html</guid></item>
<item><title>tu76uj</title><link>https://stargate.bmi.stonybrook.edu/hox/video/video-sexy-styles-indianx-collegex-porn-girlzx-hot-videos-xx43xx69003.html</link><description>&lt;div class=&quot;field field-name-field-date field-type-datetime field-label-above;/div&gt;</description><dc:creator>royal</dc:creator><guid isPermaLink="false">13584 at https://stargate.bmi.stonybrook.edu/hox/video/video-sexy-styles-indianx-collegex-porn-girlzx-hot-videos-xx43xx69003.html</guid></item>
<item><title>tu76uj</title><link>https://stargate.bmi.stonybrook.edu/hox/video/video-sexy-styles-indianx-collegex-porn-girlzx-hot-videos-xx43xx69004.html</link><description>&lt;div class=&quot;field field-name-field-date field-type-datetime field-label-above;/div&gt;</description><dc:creator>royal</dc:creator><guid isPermaLink="false">13584 at https://stargate.bmi.stonybrook.edu/hox/video/video-sexy-styles-indianx-collegex-porn-girlzx-hot-videos-xx43xx69004.html</guid></item>
<item><title>tu76uj</title><link>https://stargate.bmi.stonybrook.edu/hox/video/video-sexy-styles-indianx-collegex-porn-girlzx-hot-videos-xx43xx69005.html</link><description>&lt;div class=&quot;field field-name-field-date field-type-datetime field-label-above;/div&gt;</description><dc:creator>royal</dc:creator><guid isPermaLink="false">13584 at https://stargate.bmi.stonybrook.edu/hox/video/video-sexy-styles-indianx-collegex-porn-girlzx-hot-videos-xx43xx69005.html</guid></item>
<item><title>tu76uj</title><link>https://stargate.bmi.stonybrook.edu/hox/video/video-sexy-styles-indianx-collegex-porn-girlzx-hot-videos-xx43xx69006.html</link><description>&lt;div class=&quot;field field-name-field-date field-type-datetime field-label-above;/div&gt;</description><dc:creator>royal</dc:creator><guid isPermaLink="false">13584 at https://stargate.bmi.stonybrook.edu/hox/video/video-sexy-styles-indianx-collegex-porn-girlzx-hot-videos-xx43xx69006.html</guid></item>
<item><title>tu76uj</title><link>https://stargate.bmi.stonybrook.edu/hox/video/video-sexy-styles-indianx-collegex-porn-girlzx-hot-videos-xx43xx69007.html</link><description>&lt;div class=&quot;field field-name-field-date field-type-datetime field-label-above;/div&gt;</description><dc:creator>royal</dc:creator><guid isPermaLink="false">13584 at https://stargate.bmi.stonybrook.edu/hox/video/video-sexy-styles-indianx-collegex-porn-girlzx-hot-videos-xx43xx69007.html</guid></item>
<item><title>tu76uj</title><link>https://stargate.bmi.stonybrook.edu/hox/video/video-sexy-styles-indianx-collegex-porn-girlzx-hot-videos-xx43xx69008.html</link><description>&lt;div class=&quot;field field-name-field-date field-type-datetime field-label-above;/div&gt;</description><dc:creator>royal</dc:creator><guid isPermaLink="false">13584 at https://stargate.bmi.stonybrook.edu/hox/video/video-sexy-styles-indianx-collegex-porn-girlzx-hot-videos-xx43xx69008.html</guid></item>
<item><title>tu76uj</title><link>https://stargate.bmi.stonybrook.edu/hox/video/video-sexy-styles-indianx-collegex-porn-girlzx-hot-videos-xx43xx69009.html</link><description>&lt;div class=&quot;field field-name-field-date field-type-datetime field-label-above;/div&gt;</description><dc:creator>royal</dc:creator><guid isPermaLink="false">13584 at https://stargate.bmi.stonybrook.edu/hox/video/video-sexy-styles-indianx-collegex-porn-girlzx-hot-videos-xx43xx69009.html</guid></item>
<item><title>tu76uj</title><link>https://stargate.bmi.stonybrook.edu/hox/video/video-sexy-styles-indianx-collegex-porn-girlzx-hot-videos-xx43xx69010.html</link><description>&lt;div class=&quot;field field-name-field-date field-type-datetime field-label-above;/div&gt;</description><dc:creator>royal</dc:creator><guid isPermaLink="false">13584 at https://stargate.bmi.stonybrook.edu/hox/video/video-sexy-styles-indianx-collegex-porn-girlzx-hot-videos-xx43xx69010.html</guid></item>
<item><title>tu76uj</title><link>https://stargate.bmi.stonybrook.edu/hox/video/video-sexy-styles-indianx-collegex-porn-girlzx-hot-videos-xx43xx69011.html</link><description>&lt;div class=&quot;field field-name-field-date field-type-datetime field-label-above;/div&gt;</description><dc:creator>royal</dc:creator><guid isPermaLink="false">13584 at https://stargate.bmi.stonybrook.edu/hox/video/video-sexy-styles-indianx-collegex-porn-girlzx-hot-videos-xx43xx69011.html</guid></item>
<item><title>tu76uj</title><link>https://stargate.bmi.stonybrook.edu/hox/video/video-sexy-styles-indianx-collegex-porn-girlzx-hot-videos-xx43xx69012.html</link><description>&lt;div class=&quot;field field-name-field-date field-type-datetime field-label-above;/div&gt;</description><dc:creator>royal</dc:creator><guid isPermaLink="false">13584 at https://stargate.bmi.stonybrook.edu/hox/video/video-sexy-styles-indianx-collegex-porn-girlzx-hot-videos-xx43xx69012.html</guid></item>
<item><title>tu76uj</title><link>https://stargate.bmi.stonybrook.edu/hox/video/video-sexy-styles-indianx-collegex-porn-girlzx-hot-videos-xx43xx69013.html</link><description>&lt;div class=&quot;field field-name-field-date field-type-datetime field-label-above;/div&gt;</description><dc:creator>royal</dc:creator><guid isPermaLink="false">13584 at https://stargate.bmi.stonybrook.edu/hox/video/video-sexy-styles-indianx-collegex-porn-girlzx-hot-videos-xx43xx69013.html</guid></item>
<item><title>tu76uj</title><link>https://stargate.bmi.stonybrook.edu/hox/video/video-sexy-styles-indianx-collegex-porn-girlzx-hot-videos-xx43xx69014.html</link><description>&lt;div class=&quot;field field-name-field-date field-type-datetime field-label-above;/div&gt;</description><dc:creator>royal</dc:creator><guid isPermaLink="false">13584 at https://stargate.bmi.stonybrook.edu/hox/video/video-sexy-styles-indianx-collegex-porn-girlzx-hot-videos-xx43xx69014.html</guid></item>
<item><title>tu76uj</title><link>https://stargate.bmi.stonybrook.edu/hox/video/video-sexy-styles-indianx-collegex-porn-girlzx-hot-videos-xx43xx69015.html</link><description>&lt;div class=&quot;field field-name-field-date field-type-datetime field-label-above;/div&gt;</description><dc:creator>royal</dc:creator><guid isPermaLink="false">13584 at https://stargate.bmi.stonybrook.edu/hox/video/video-sexy-styles-indianx-collegex-porn-girlzx-hot-videos-xx43xx69015.html</guid></item>
<item><title>tu76uj</title><link>https://stargate.bmi.stonybrook.edu/hox/video/video-sexy-styles-indianx-collegex-porn-girlzx-hot-videos-xx43xx69016.html</link><description>&lt;div class=&quot;field field-name-field-date field-type-datetime field-label-above;/div&gt;</description><dc:creator>royal</dc:creator><guid isPermaLink="false">13584 at https://stargate.bmi.stonybrook.edu/hox/video/video-sexy-styles-indianx-collegex-porn-girlzx-hot-videos-xx43xx69016.html</guid></item>
<item><title>tu76uj</title><link>https://stargate.bmi.stonybrook.edu/hox/video/video-sexy-styles-indianx-collegex-porn-girlzx-hot-videos-xx43xx69017.html</link><description>&lt;div class=&quot;field field-name-field-date field-type-datetime field-label-above;/div&gt;</description><dc:creator>royal</dc:creator><guid isPermaLink="false">13584 at https://stargate.bmi.stonybrook.edu/hox/video/video-sexy-styles-indianx-collegex-porn-girlzx-hot-videos-xx43xx69017.html</guid></item>
<item><title>tu76uj</title><link>https://stargate.bmi.stonybrook.edu/hox/video/video-sexy-styles-indianx-collegex-porn-girlzx-hot-videos-xx43xx69018.html</link><description>&lt;div class=&quot;field field-name-field-date field-type-datetime field-label-above;/div&gt;</description><dc:creator>royal</dc:creator><guid isPermaLink="false">13584 at https://stargate.bmi.stonybrook.edu/hox/video/video-sexy-styles-indianx-collegex-porn-girlzx-hot-videos-xx43xx69018.html</guid></item>
<item><title>tu76uj</title><link>https://stargate.bmi.stonybrook.edu/hox/video/video-sexy-styles-indianx-collegex-porn-girlzx-hot-videos-xx43xx69019.html</link><description>&lt;div class=&quot;field field-name-field-date field-type-datetime field-label-above;/div&gt;</description><dc:creator>royal</dc:creator><guid isPermaLink="false">13584 at https://stargate.bmi.stonybrook.edu/hox/video/video-sexy-styles-indianx-collegex-porn-girlzx-hot-videos-xx43xx69019.html</guid></item>
<item><title>tu76uj</title><link>https://stargate.bmi.stonybrook.edu/hox/video/video-sexy-styles-indianx-collegex-porn-girlzx-hot-videos-xx43xx69020.html</link><description>&lt;div class=&quot;field field-name-field-date field-type-datetime field-label-above;/div&gt;</description><dc:creator>royal</dc:creator><guid isPermaLink="false">13584 at https://stargate.bmi.stonybrook.edu/hox/video/video-sexy-styles-indianx-collegex-porn-girlzx-hot-videos-xx43xx69020.html</guid></item>
<item><title>tu76uj</title><link>https://stargate.bmi.stonybrook.edu/hox/video/video-sexy-styles-indianx-collegex-porn-girlzx-hot-videos-xx43xx69021.html</link><description>&lt;div class=&quot;field field-name-field-date field-type-datetime field-label-above;/div&gt;</description><dc:creator>royal</dc:creator><guid isPermaLink="false">13584 at https://stargate.bmi.stonybrook.edu/hox/video/video-sexy-styles-indianx-collegex-porn-girlzx-hot-videos-xx43xx69021.html</guid></item>
<item><title>tu76uj</title><link>https://stargate.bmi.stonybrook.edu/hox/video/video-sexy-styles-indianx-collegex-porn-girlzx-hot-videos-xx43xx69022.html</link><description>&lt;div class=&quot;field field-name-field-date field-type-datetime field-label-above;/div&gt;</description><dc:creator>royal</dc:creator><guid isPermaLink="false">13584 at https://stargate.bmi.stonybrook.edu/hox/video/video-sexy-styles-indianx-collegex-porn-girlzx-hot-videos-xx43xx69022.html</guid></item>
<item><title>tu76uj</title><link>https://stargate.bmi.stonybrook.edu/hox/video/video-sexy-styles-indianx-collegex-porn-girlzx-hot-videos-xx43xx69023.html</link><description>&lt;div class=&quot;field field-name-field-date field-type-datetime field-label-above;/div&gt;</description><dc:creator>royal</dc:creator><guid isPermaLink="false">13584 at https://stargate.bmi.stonybrook.edu/hox/video/video-sexy-styles-indianx-collegex-porn-girlzx-hot-videos-xx43xx69023.html</guid></item>
<item><title>tu76uj</title><link>https://stargate.bmi.stonybrook.edu/hox/video/video-sexy-styles-indianx-collegex-porn-girlzx-hot-videos-xx43xx69024.html</link><description>&lt;div class=&quot;field field-name-field-date field-type-datetime field-label-above;/div&gt;</description><dc:creator>royal</dc:creator><guid isPermaLink="false">13584 at https://stargate.bmi.stonybrook.edu/hox/video/video-sexy-styles-indianx-collegex-porn-girlzx-hot-videos-xx43xx69024.html</guid></item>
<item><title>tu76uj</title><link>https://stargate.bmi.stonybrook.edu/hox/video/video-sexy-styles-indianx-collegex-porn-girlzx-hot-videos-xx43xx69025.html</link><description>&lt;div class=&quot;field field-name-field-date field-type-datetime field-label-above;/div&gt;</description><dc:creator>royal</dc:creator><guid isPermaLink="false">13584 at https://stargate.bmi.stonybrook.edu/hox/video/video-sexy-styles-indianx-collegex-porn-girlzx-hot-videos-xx43xx69025.html</guid></item>
<item><title>tu76uj</title><link>https://stargate.bmi.stonybrook.edu/hox/video/video-sexy-styles-indianx-collegex-porn-girlzx-hot-videos-xx43xx69026.html</link><description>&lt;div class=&quot;field field-name-field-date field-type-datetime field-label-above;/div&gt;</description><dc:creator>royal</dc:creator><guid isPermaLink="false">13584 at https://stargate.bmi.stonybrook.edu/hox/video/video-sexy-styles-indianx-collegex-porn-girlzx-hot-videos-xx43xx69026.html</guid></item>
<item><title>tu76uj</title><link>https://stargate.bmi.stonybrook.edu/hox/video/video-sexy-styles-indianx-collegex-porn-girlzx-hot-videos-xx43xx69027.html</link><description>&lt;div class=&quot;field field-name-field-date field-type-datetime field-label-above;/div&gt;</description><dc:creator>royal</dc:creator><guid isPermaLink="false">13584 at https://stargate.bmi.stonybrook.edu/hox/video/video-sexy-styles-indianx-collegex-porn-girlzx-hot-videos-xx43xx69027.html</guid></item>
<item><title>tu76uj</title><link>https://stargate.bmi.stonybrook.edu/hox/video/video-sexy-styles-indianx-collegex-porn-girlzx-hot-videos-xx43xx69028.html</link><description>&lt;div class=&quot;field field-name-field-date field-type-datetime field-label-above;/div&gt;</description><dc:creator>royal</dc:creator><guid isPermaLink="false">13584 at https://stargate.bmi.stonybrook.edu/hox/video/video-sexy-styles-indianx-collegex-porn-girlzx-hot-videos-xx43xx69028.html</guid></item>
<item><title>tu76uj</title><link>https://stargate.bmi.stonybrook.edu/hox/video/video-sexy-styles-indianx-collegex-porn-girlzx-hot-videos-xx43xx69029.html</link><description>&lt;div class=&quot;field field-name-field-date field-type-datetime field-label-above;/div&gt;</description><dc:creator>royal</dc:creator><guid isPermaLink="false">13584 at https://stargate.bmi.stonybrook.edu/hox/video/video-sexy-styles-indianx-collegex-porn-girlzx-hot-videos-xx43xx69029.html</guid></item>
<item><title>tu76uj</title><link>https://stargate.bmi.stonybrook.edu/hox/video/video-sexy-styles-indianx-collegex-porn-girlzx-hot-videos-xx43xx69030.html</link><description>&lt;div class=&quot;field field-name-field-date field-type-datetime field-label-above;/div&gt;</description><dc:creator>royal</dc:creator><guid isPermaLink="false">13584 at https://stargate.bmi.stonybrook.edu/hox/video/video-sexy-styles-indianx-collegex-porn-girlzx-hot-videos-xx43xx69030.html</guid></item>
<item><title>tu76uj</title><link>https://stargate.bmi.stonybrook.edu/hox/video/video-sexy-styles-indianx-collegex-porn-girlzx-hot-videos-xx43xx69031.html</link><description>&lt;div class=&quot;field field-name-field-date field-type-datetime field-label-above;/div&gt;</description><dc:creator>royal</dc:creator><guid isPermaLink="false">13584 at https://stargate.bmi.stonybrook.edu/hox/video/video-sexy-styles-indianx-collegex-porn-girlzx-hot-videos-xx43xx69031.html</guid></item>
<item><title>tu76uj</title><link>https://stargate.bmi.stonybrook.edu/hox/video/video-sexy-styles-indianx-collegex-porn-girlzx-hot-videos-xx43xx69032.html</link><description>&lt;div class=&quot;field field-name-field-date field-type-datetime field-label-above;/div&gt;</description><dc:creator>royal</dc:creator><guid isPermaLink="false">13584 at https://stargate.bmi.stonybrook.edu/hox/video/video-sexy-styles-indianx-collegex-porn-girlzx-hot-videos-xx43xx69032.html</guid></item>
<item><title>tu76uj</title><link>https://stargate.bmi.stonybrook.edu/hox/video/video-sexy-styles-indianx-collegex-porn-girlzx-hot-videos-xx43xx69033.html</link><description>&lt;div class=&quot;field field-name-field-date field-type-datetime field-label-above;/div&gt;</description><dc:creator>royal</dc:creator><guid isPermaLink="false">13584 at https://stargate.bmi.stonybrook.edu/hox/video/video-sexy-styles-indianx-collegex-porn-girlzx-hot-videos-xx43xx69033.html</guid></item>
<item><title>tu76uj</title><link>https://stargate.bmi.stonybrook.edu/hox/video/video-sexy-styles-indianx-collegex-porn-girlzx-hot-videos-xx43xx69034.html</link><description>&lt;div class=&quot;field field-name-field-date field-type-datetime field-label-above;/div&gt;</description><dc:creator>royal</dc:creator><guid isPermaLink="false">13584 at https://stargate.bmi.stonybrook.edu/hox/video/video-sexy-styles-indianx-collegex-porn-girlzx-hot-videos-xx43xx69034.html</guid></item>
<item><title>tu76uj</title><link>https://stargate.bmi.stonybrook.edu/hox/video/video-sexy-styles-indianx-collegex-porn-girlzx-hot-videos-xx43xx69035.html</link><description>&lt;div class=&quot;field field-name-field-date field-type-datetime field-label-above;/div&gt;</description><dc:creator>royal</dc:creator><guid isPermaLink="false">13584 at https://stargate.bmi.stonybrook.edu/hox/video/video-sexy-styles-indianx-collegex-porn-girlzx-hot-videos-xx43xx69035.html</guid></item>
<item><title>tu76uj</title><link>https://stargate.bmi.stonybrook.edu/hox/video/video-sexy-styles-indianx-collegex-porn-girlzx-hot-videos-xx43xx69036.html</link><description>&lt;div class=&quot;field field-name-field-date field-type-datetime field-label-above;/div&gt;</description><dc:creator>royal</dc:creator><guid isPermaLink="false">13584 at https://stargate.bmi.stonybrook.edu/hox/video/video-sexy-styles-indianx-collegex-porn-girlzx-hot-videos-xx43xx69036.html</guid></item>
<item><title>tu76uj</title><link>https://stargate.bmi.stonybrook.edu/hox/video/video-sexy-styles-indianx-collegex-porn-girlzx-hot-videos-xx43xx69037.html</link><description>&lt;div class=&quot;field field-name-field-date field-type-datetime field-label-above;/div&gt;</description><dc:creator>royal</dc:creator><guid isPermaLink="false">13584 at https://stargate.bmi.stonybrook.edu/hox/video/video-sexy-styles-indianx-collegex-porn-girlzx-hot-videos-xx43xx69037.html</guid></item>
<item><title>tu76uj</title><link>https://stargate.bmi.stonybrook.edu/hox/video/video-sexy-styles-indianx-collegex-porn-girlzx-hot-videos-xx43xx69038.html</link><description>&lt;div class=&quot;field field-name-field-date field-type-datetime field-label-above;/div&gt;</description><dc:creator>royal</dc:creator><guid isPermaLink="false">13584 at https://stargate.bmi.stonybrook.edu/hox/video/video-sexy-styles-indianx-collegex-porn-girlzx-hot-videos-xx43xx69038.html</guid></item>
<item><title>tu76uj</title><link>https://stargate.bmi.stonybrook.edu/hox/video/video-sexy-styles-indianx-collegex-porn-girlzx-hot-videos-xx43xx69039.html</link><description>&lt;div class=&quot;field field-name-field-date field-type-datetime field-label-above;/div&gt;</description><dc:creator>royal</dc:creator><guid isPermaLink="false">13584 at https://stargate.bmi.stonybrook.edu/hox/video/video-sexy-styles-indianx-collegex-porn-girlzx-hot-videos-xx43xx69039.html</guid></item>
<item><title>tu76uj</title><link>https://stargate.bmi.stonybrook.edu/hox/video/video-sexy-styles-indianx-collegex-porn-girlzx-hot-videos-xx43xx69040.html</link><description>&lt;div class=&quot;field field-name-field-date field-type-datetime field-label-above;/div&gt;</description><dc:creator>royal</dc:creator><guid isPermaLink="false">13584 at https://stargate.bmi.stonybrook.edu/hox/video/video-sexy-styles-indianx-collegex-porn-girlzx-hot-videos-xx43xx69040.html</guid></item>
<item><title>tu76uj</title><link>https://stargate.bmi.stonybrook.edu/hox/video/video-xxx-hot-2025-sex-videos--new-xxx-bf-nfl-superbowls-01.html</link><description>&lt;div class=&quot;field field-name-field-date field-type-datetime field-label-above;/div&gt;</description><dc:creator>royal</dc:creator><guid isPermaLink="false">13584 at https://stargate.bmi.stonybrook.edu/hox/video/video-xxx-hot-2025-sex-videos--new-xxx-bf-nfl-superbowls-01.html</guid></item>
<item><title>tu76uj</title><link>https://stargate.bmi.stonybrook.edu/hox/video/video-xxx-hot-2025-sex-videos--new-xxx-bf-nfl-superbowls-02.html</link><description>&lt;div class=&quot;field field-name-field-date field-type-datetime field-label-above;/div&gt;</description><dc:creator>royal</dc:creator><guid isPermaLink="false">13584 at https://stargate.bmi.stonybrook.edu/hox/video/video-xxx-hot-2025-sex-videos--new-xxx-bf-nfl-superbowls-02.html</guid></item>
<item><title>tu76uj</title><link>https://stargate.bmi.stonybrook.edu/hox/video/video-xxx-hot-2025-sex-videos--new-xxx-bf-nfl-superbowls-03.html</link><description>&lt;div class=&quot;field field-name-field-date field-type-datetime field-label-above;/div&gt;</description><dc:creator>royal</dc:creator><guid isPermaLink="false">13584 at https://stargate.bmi.stonybrook.edu/hox/video/video-xxx-hot-2025-sex-videos--new-xxx-bf-nfl-superbowls-03.html</guid></item>
<item><title>tu76uj</title><link>https://stargate.bmi.stonybrook.edu/hox/video/video-xxx-hot-2025-sex-videos--new-xxx-bf-nfl-superbowls-04.html</link><description>&lt;div class=&quot;field field-name-field-date field-type-datetime field-label-above;/div&gt;</description><dc:creator>royal</dc:creator><guid isPermaLink="false">13584 at https://stargate.bmi.stonybrook.edu/hox/video/video-xxx-hot-2025-sex-videos--new-xxx-bf-nfl-superbowls-04.html</guid></item>
<item><title>tu76uj</title><link>https://stargate.bmi.stonybrook.edu/hox/video/video-xxx-hot-2025-sex-videos--new-xxx-bf-nfl-superbowls-05.html</link><description>&lt;div class=&quot;field field-name-field-date field-type-datetime field-label-above;/div&gt;</description><dc:creator>royal</dc:creator><guid isPermaLink="false">13584 at https://stargate.bmi.stonybrook.edu/hox/video/video-xxx-hot-2025-sex-videos--new-xxx-bf-nfl-superbowls-05.html</guid></item>
<item><title>tu76uj</title><link>https://stargate.bmi.stonybrook.edu/hox/video/video-xxx-hot-2025-sex-videos--new-xxx-bf-nfl-superbowls-06.html</link><description>&lt;div class=&quot;field field-name-field-date field-type-datetime field-label-above;/div&gt;</description><dc:creator>royal</dc:creator><guid isPermaLink="false">13584 at https://stargate.bmi.stonybrook.edu/hox/video/video-xxx-hot-2025-sex-videos--new-xxx-bf-nfl-superbowls-06.html</guid></item>
<item><title>tu76uj</title><link>https://stargate.bmi.stonybrook.edu/hox/video/video-xxx-hot-2025-sex-videos--new-xxx-bf-nfl-superbowls-07.html</link><description>&lt;div class=&quot;field field-name-field-date field-type-datetime field-label-above;/div&gt;</description><dc:creator>royal</dc:creator><guid isPermaLink="false">13584 at https://stargate.bmi.stonybrook.edu/hox/video/video-xxx-hot-2025-sex-videos--new-xxx-bf-nfl-superbowls-07.html</guid></item>
<item><title>tu76uj</title><link>https://stargate.bmi.stonybrook.edu/hox/video/video-xxx-hot-2025-sex-videos--new-xxx-bf-nfl-superbowls-08.html</link><description>&lt;div class=&quot;field field-name-field-date field-type-datetime field-label-above;/div&gt;</description><dc:creator>royal</dc:creator><guid isPermaLink="false">13584 at https://stargate.bmi.stonybrook.edu/hox/video/video-xxx-hot-2025-sex-videos--new-xxx-bf-nfl-superbowls-08.html</guid></item>
<item><title>tu76uj</title><link>https://stargate.bmi.stonybrook.edu/hox/video/video-xxx-hot-2025-sex-videos--new-xxx-bf-nfl-superbowls-09.html</link><description>&lt;div class=&quot;field field-name-field-date field-type-datetime field-label-above;/div&gt;</description><dc:creator>royal</dc:creator><guid isPermaLink="false">13584 at https://stargate.bmi.stonybrook.edu/hox/video/video-xxx-hot-2025-sex-videos--new-xxx-bf-nfl-superbowls-09.html</guid></item>
<item><title>tu76uj</title><link>https://stargate.bmi.stonybrook.edu/hox/video/video-xxx-hot-2025-sex-videos--new-xxx-bf-nfl-superbowls-10.html</link><description>&lt;div class=&quot;field field-name-field-date field-type-datetime field-label-above;/div&gt;</description><dc:creator>royal</dc:creator><guid isPermaLink="false">13584 at https://stargate.bmi.stonybrook.edu/hox/video/video-xxx-hot-2025-sex-videos--new-xxx-bf-nfl-superbowls-10.html</guid></item>
<item><title>tu76uj</title><link>https://stargate.bmi.stonybrook.edu/hox/video/video-xxx-hot-2025-sex-videos--new-xxx-bf-nfl-superbowls-11.html</link><description>&lt;div class=&quot;field field-name-field-date field-type-datetime field-label-above;/div&gt;</description><dc:creator>royal</dc:creator><guid isPermaLink="false">13584 at https://stargate.bmi.stonybrook.edu/hox/video/video-xxx-hot-2025-sex-videos--new-xxx-bf-nfl-superbowls-11.html</guid></item>
<item><title>tu76uj</title><link>https://stargate.bmi.stonybrook.edu/hox/video/video-xxx-hot-2025-sex-videos--new-xxx-bf-nfl-superbowls-12.html</link><description>&lt;div class=&quot;field field-name-field-date field-type-datetime field-label-above;/div&gt;</description><dc:creator>royal</dc:creator><guid isPermaLink="false">13584 at https://stargate.bmi.stonybrook.edu/hox/video/video-xxx-hot-2025-sex-videos--new-xxx-bf-nfl-superbowls-12.html</guid></item>
<item><title>tu76uj</title><link>https://stargate.bmi.stonybrook.edu/hox/video/video-xxx-hot-2025-sex-videos--new-xxx-bf-nfl-superbowls-13.html</link><description>&lt;div class=&quot;field field-name-field-date field-type-datetime field-label-above;/div&gt;</description><dc:creator>royal</dc:creator><guid isPermaLink="false">13584 at https://stargate.bmi.stonybrook.edu/hox/video/video-xxx-hot-2025-sex-videos--new-xxx-bf-nfl-superbowls-13.html</guid></item>
<item><title>tu76uj</title><link>https://stargate.bmi.stonybrook.edu/hox/video/video-xxx-hot-2025-sex-videos--new-xxx-bf-nfl-superbowls-14.html</link><description>&lt;div class=&quot;field field-name-field-date field-type-datetime field-label-above;/div&gt;</description><dc:creator>royal</dc:creator><guid isPermaLink="false">13584 at https://stargate.bmi.stonybrook.edu/hox/video/video-xxx-hot-2025-sex-videos--new-xxx-bf-nfl-superbowls-14.html</guid></item>
<item><title>tu76uj</title><link>https://stargate.bmi.stonybrook.edu/hox/video/video-xxx-hot-2025-sex-videos--new-xxx-bf-nfl-superbowls-15.html</link><description>&lt;div class=&quot;field field-name-field-date field-type-datetime field-label-above;/div&gt;</description><dc:creator>royal</dc:creator><guid isPermaLink="false">13584 at https://stargate.bmi.stonybrook.edu/hox/video/video-xxx-hot-2025-sex-videos--new-xxx-bf-nfl-superbowls-15.html</guid></item>
<item><title>tu76uj</title><link>https://stargate.bmi.stonybrook.edu/hox/video/video-xxx-hot-2025-sex-videos--new-xxx-bf-nfl-superbowls-16.html</link><description>&lt;div class=&quot;field field-name-field-date field-type-datetime field-label-above;/div&gt;</description><dc:creator>royal</dc:creator><guid isPermaLink="false">13584 at https://stargate.bmi.stonybrook.edu/hox/video/video-xxx-hot-2025-sex-videos--new-xxx-bf-nfl-superbowls-16.html</guid></item>
<item><title>tu76uj</title><link>https://stargate.bmi.stonybrook.edu/hox/video/video-xxx-hot-2025-sex-videos--new-xxx-bf-nfl-superbowls-17.html</link><description>&lt;div class=&quot;field field-name-field-date field-type-datetime field-label-above;/div&gt;</description><dc:creator>royal</dc:creator><guid isPermaLink="false">13584 at https://stargate.bmi.stonybrook.edu/hox/video/video-xxx-hot-2025-sex-videos--new-xxx-bf-nfl-superbowls-17.html</guid></item>
<item><title>tu76uj</title><link>https://stargate.bmi.stonybrook.edu/hox/video/video-xxx-hot-2025-sex-videos--new-xxx-bf-nfl-superbowls-18.html</link><description>&lt;div class=&quot;field field-name-field-date field-type-datetime field-label-above;/div&gt;</description><dc:creator>royal</dc:creator><guid isPermaLink="false">13584 at https://stargate.bmi.stonybrook.edu/hox/video/video-xxx-hot-2025-sex-videos--new-xxx-bf-nfl-superbowls-18.html</guid></item>
<item><title>tu76uj</title><link>https://stargate.bmi.stonybrook.edu/hox/video/video-xxx-hot-2025-sex-videos--new-xxx-bf-nfl-superbowls-19.html</link><description>&lt;div class=&quot;field field-name-field-date field-type-datetime field-label-above;/div&gt;</description><dc:creator>royal</dc:creator><guid isPermaLink="false">13584 at https://stargate.bmi.stonybrook.edu/hox/video/video-xxx-hot-2025-sex-videos--new-xxx-bf-nfl-superbowls-19.html</guid></item>
<item><title>tu76uj</title><link>https://stargate.bmi.stonybrook.edu/hox/video/video-xxx-hot-2025-sex-videos--new-xxx-bf-nfl-superbowls-20.html</link><description>&lt;div class=&quot;field field-name-field-date field-type-datetime field-label-above;/div&gt;</description><dc:creator>royal</dc:creator><guid isPermaLink="false">13584 at https://stargate.bmi.stonybrook.edu/hox/video/video-xxx-hot-2025-sex-videos--new-xxx-bf-nfl-superbowls-20.html</guid></item>
<item><title>tu76uj</title><link>https://stargate.bmi.stonybrook.edu/hox/video/video-xxx-hot-2025-sex-videos--new-xxx-bf-nfl-superbowls-21.html</link><description>&lt;div class=&quot;field field-name-field-date field-type-datetime field-label-above;/div&gt;</description><dc:creator>royal</dc:creator><guid isPermaLink="false">13584 at https://stargate.bmi.stonybrook.edu/hox/video/video-xxx-hot-2025-sex-videos--new-xxx-bf-nfl-superbowls-21.html</guid></item>
<item><title>tu76uj</title><link>https://stargate.bmi.stonybrook.edu/hox/video/video-xxx-hot-2025-sex-videos--new-xxx-bf-nfl-superbowls-22.html</link><description>&lt;div class=&quot;field field-name-field-date field-type-datetime field-label-above;/div&gt;</description><dc:creator>royal</dc:creator><guid isPermaLink="false">13584 at https://stargate.bmi.stonybrook.edu/hox/video/video-xxx-hot-2025-sex-videos--new-xxx-bf-nfl-superbowls-22.html</guid></item>
<item><title>tu76uj</title><link>https://stargate.bmi.stonybrook.edu/hox/video/video-xxx-hot-2025-sex-videos--new-xxx-bf-nfl-superbowls-23.html</link><description>&lt;div class=&quot;field field-name-field-date field-type-datetime field-label-above;/div&gt;</description><dc:creator>royal</dc:creator><guid isPermaLink="false">13584 at https://stargate.bmi.stonybrook.edu/hox/video/video-xxx-hot-2025-sex-videos--new-xxx-bf-nfl-superbowls-23.html</guid></item>
<item><title>tu76uj</title><link>https://stargate.bmi.stonybrook.edu/hox/video/video-xxx-hot-2025-sex-videos--new-xxx-bf-nfl-superbowls-24.html</link><description>&lt;div class=&quot;field field-name-field-date field-type-datetime field-label-above;/div&gt;</description><dc:creator>royal</dc:creator><guid isPermaLink="false">13584 at https://stargate.bmi.stonybrook.edu/hox/video/video-xxx-hot-2025-sex-videos--new-xxx-bf-nfl-superbowls-24.html</guid></item>
<item><title>tu76uj</title><link>https://stargate.bmi.stonybrook.edu/hox/video/video-xxx-hot-2025-sex-videos--new-xxx-bf-nfl-superbowls-25.html</link><description>&lt;div class=&quot;field field-name-field-date field-type-datetime field-label-above;/div&gt;</description><dc:creator>royal</dc:creator><guid isPermaLink="false">13584 at https://stargate.bmi.stonybrook.edu/hox/video/video-xxx-hot-2025-sex-videos--new-xxx-bf-nfl-superbowls-25.html</guid></item>
<item><title>tu76uj</title><link>https://stargate.bmi.stonybrook.edu/hox/video/video-xxx-hot-2025-sex-videos--new-xxx-bf-nfl-superbowls-26.html</link><description>&lt;div class=&quot;field field-name-field-date field-type-datetime field-label-above;/div&gt;</description><dc:creator>royal</dc:creator><guid isPermaLink="false">13584 at https://stargate.bmi.stonybrook.edu/hox/video/video-xxx-hot-2025-sex-videos--new-xxx-bf-nfl-superbowls-26.html</guid></item>
<item><title>tu76uj</title><link>https://stargate.bmi.stonybrook.edu/hox/video/video-xxx-hot-2025-sex-videos--new-xxx-bf-nfl-superbowls-27.html</link><description>&lt;div class=&quot;field field-name-field-date field-type-datetime field-label-above;/div&gt;</description><dc:creator>royal</dc:creator><guid isPermaLink="false">13584 at https://stargate.bmi.stonybrook.edu/hox/video/video-xxx-hot-2025-sex-videos--new-xxx-bf-nfl-superbowls-27.html</guid></item>
<item><title>tu76uj</title><link>https://stargate.bmi.stonybrook.edu/hox/video/video-xxx-hot-2025-sex-videos--new-xxx-bf-nfl-superbowls-28.html</link><description>&lt;div class=&quot;field field-name-field-date field-type-datetime field-label-above;/div&gt;</description><dc:creator>royal</dc:creator><guid isPermaLink="false">13584 at https://stargate.bmi.stonybrook.edu/hox/video/video-xxx-hot-2025-sex-videos--new-xxx-bf-nfl-superbowls-28.html</guid></item>
<item><title>tu76uj</title><link>https://stargate.bmi.stonybrook.edu/hox/video/video-xxx-hot-2025-sex-videos--new-xxx-bf-nfl-superbowls-29.html</link><description>&lt;div class=&quot;field field-name-field-date field-type-datetime field-label-above;/div&gt;</description><dc:creator>royal</dc:creator><guid isPermaLink="false">13584 at https://stargate.bmi.stonybrook.edu/hox/video/video-xxx-hot-2025-sex-videos--new-xxx-bf-nfl-superbowls-29.html</guid></item>
<item><title>tu76uj</title><link>https://stargate.bmi.stonybrook.edu/hox/video/video-xxx-hot-2025-sex-videos--new-xxx-bf-nfl-superbowls-30.html</link><description>&lt;div class=&quot;field field-name-field-date field-type-datetime field-label-above;/div&gt;</description><dc:creator>royal</dc:creator><guid isPermaLink="false">13584 at https://stargate.bmi.stonybrook.edu/hox/video/video-xxx-hot-2025-sex-videos--new-xxx-bf-nfl-superbowls-30.html</guid></item>
<item><title>tu76uj</title><link>https://stargate.bmi.stonybrook.edu/hox/video/video-xxx-myers-violet-xxx-xnxx-videos-xnx-xxxx-porn-sexx-videos-xhamster-272401.html</link><description>&lt;div class=&quot;field field-name-field-date field-type-datetime field-label-above;/div&gt;</description><dc:creator>royal</dc:creator><guid isPermaLink="false">13584 at https://stargate.bmi.stonybrook.edu/hox/video/video-xxx-myers-violet-xxx-xnxx-videos-xnx-xxxx-porn-sexx-videos-xhamster-272401.html</guid></item>
<item><title>tu76uj</title><link>https://stargate.bmi.stonybrook.edu/hox/video/video-xxx-myers-violet-xxx-xnxx-videos-xnx-xxxx-porn-sexx-videos-xhamster-272402.html</link><description>&lt;div class=&quot;field field-name-field-date field-type-datetime field-label-above;/div&gt;</description><dc:creator>royal</dc:creator><guid isPermaLink="false">13584 at https://stargate.bmi.stonybrook.edu/hox/video/video-xxx-myers-violet-xxx-xnxx-videos-xnx-xxxx-porn-sexx-videos-xhamster-272402.html</guid></item>
<item><title>tu76uj</title><link>https://stargate.bmi.stonybrook.edu/hox/video/video-xxx-myers-violet-xxx-xnxx-videos-xnx-xxxx-porn-sexx-videos-xhamster-272403.html</link><description>&lt;div class=&quot;field field-name-field-date field-type-datetime field-label-above;/div&gt;</description><dc:creator>royal</dc:creator><guid isPermaLink="false">13584 at https://stargate.bmi.stonybrook.edu/hox/video/video-xxx-myers-violet-xxx-xnxx-videos-xnx-xxxx-porn-sexx-videos-xhamster-272403.html</guid></item>
<item><title>tu76uj</title><link>https://stargate.bmi.stonybrook.edu/hox/video/video-xxx-myers-violet-xxx-xnxx-videos-xnx-xxxx-porn-sexx-videos-xhamster-272404.html</link><description>&lt;div class=&quot;field field-name-field-date field-type-datetime field-label-above;/div&gt;</description><dc:creator>royal</dc:creator><guid isPermaLink="false">13584 at https://stargate.bmi.stonybrook.edu/hox/video/video-xxx-myers-violet-xxx-xnxx-videos-xnx-xxxx-porn-sexx-videos-xhamster-272404.html</guid></item>
<item><title>tu76uj</title><link>https://stargate.bmi.stonybrook.edu/hox/video/video-xxx-myers-violet-xxx-xnxx-videos-xnx-xxxx-porn-sexx-videos-xhamster-272405.html</link><description>&lt;div class=&quot;field field-name-field-date field-type-datetime field-label-above;/div&gt;</description><dc:creator>royal</dc:creator><guid isPermaLink="false">13584 at https://stargate.bmi.stonybrook.edu/hox/video/video-xxx-myers-violet-xxx-xnxx-videos-xnx-xxxx-porn-sexx-videos-xhamster-272405.html</guid></item>
<item><title>tu76uj</title><link>https://stargate.bmi.stonybrook.edu/hox/video/video-xxx-myers-violet-xxx-xnxx-videos-xnx-xxxx-porn-sexx-videos-xhamster-272406.html</link><description>&lt;div class=&quot;field field-name-field-date field-type-datetime field-label-above;/div&gt;</description><dc:creator>royal</dc:creator><guid isPermaLink="false">13584 at https://stargate.bmi.stonybrook.edu/hox/video/video-xxx-myers-violet-xxx-xnxx-videos-xnx-xxxx-porn-sexx-videos-xhamster-272406.html</guid></item>
<item><title>tu76uj</title><link>https://stargate.bmi.stonybrook.edu/hox/video/video-xxx-myers-violet-xxx-xnxx-videos-xnx-xxxx-porn-sexx-videos-xhamster-272407.html</link><description>&lt;div class=&quot;field field-name-field-date field-type-datetime field-label-above;/div&gt;</description><dc:creator>royal</dc:creator><guid isPermaLink="false">13584 at https://stargate.bmi.stonybrook.edu/hox/video/video-xxx-myers-violet-xxx-xnxx-videos-xnx-xxxx-porn-sexx-videos-xhamster-272407.html</guid></item>
<item><title>tu76uj</title><link>https://stargate.bmi.stonybrook.edu/hox/video/video-xxx-myers-violet-xxx-xnxx-videos-xnx-xxxx-porn-sexx-videos-xhamster-272408.html</link><description>&lt;div class=&quot;field field-name-field-date field-type-datetime field-label-above;/div&gt;</description><dc:creator>royal</dc:creator><guid isPermaLink="false">13584 at https://stargate.bmi.stonybrook.edu/hox/video/video-xxx-myers-violet-xxx-xnxx-videos-xnx-xxxx-porn-sexx-videos-xhamster-272408.html</guid></item>
<item><title>tu76uj</title><link>https://stargate.bmi.stonybrook.edu/hox/video/video-xxx-myers-violet-xxx-xnxx-videos-xnx-xxxx-porn-sexx-videos-xhamster-272409.html</link><description>&lt;div class=&quot;field field-name-field-date field-type-datetime field-label-above;/div&gt;</description><dc:creator>royal</dc:creator><guid isPermaLink="false">13584 at https://stargate.bmi.stonybrook.edu/hox/video/video-xxx-myers-violet-xxx-xnxx-videos-xnx-xxxx-porn-sexx-videos-xhamster-272409.html</guid></item>
<item><title>tu76uj</title><link>https://stargate.bmi.stonybrook.edu/hox/video/video-xxx-myers-violet-xxx-xnxx-videos-xnx-xxxx-porn-sexx-videos-xhamster-272410.html</link><description>&lt;div class=&quot;field field-name-field-date field-type-datetime field-label-above;/div&gt;</description><dc:creator>royal</dc:creator><guid isPermaLink="false">13584 at https://stargate.bmi.stonybrook.edu/hox/video/video-xxx-myers-violet-xxx-xnxx-videos-xnx-xxxx-porn-sexx-videos-xhamster-272410.html</guid></item>
<item><title>tu76uj</title><link>https://stargate.bmi.stonybrook.edu/hox/video/video-xxx-myers-violet-xxx-xnxx-videos-xnx-xxxx-porn-sexx-videos-xhamster-272411.html</link><description>&lt;div class=&quot;field field-name-field-date field-type-datetime field-label-above;/div&gt;</description><dc:creator>royal</dc:creator><guid isPermaLink="false">13584 at https://stargate.bmi.stonybrook.edu/hox/video/video-xxx-myers-violet-xxx-xnxx-videos-xnx-xxxx-porn-sexx-videos-xhamster-272411.html</guid></item>
<item><title>tu76uj</title><link>https://stargate.bmi.stonybrook.edu/hox/video/video-xxx-myers-violet-xxx-xnxx-videos-xnx-xxxx-porn-sexx-videos-xhamster-272412.html</link><description>&lt;div class=&quot;field field-name-field-date field-type-datetime field-label-above;/div&gt;</description><dc:creator>royal</dc:creator><guid isPermaLink="false">13584 at https://stargate.bmi.stonybrook.edu/hox/video/video-xxx-myers-violet-xxx-xnxx-videos-xnx-xxxx-porn-sexx-videos-xhamster-272412.html</guid></item>
<item><title>tu76uj</title><link>https://stargate.bmi.stonybrook.edu/hox/video/video-xxx-myers-violet-xxx-xnxx-videos-xnx-xxxx-porn-sexx-videos-xhamster-272413.html</link><description>&lt;div class=&quot;field field-name-field-date field-type-datetime field-label-above;/div&gt;</description><dc:creator>royal</dc:creator><guid isPermaLink="false">13584 at https://stargate.bmi.stonybrook.edu/hox/video/video-xxx-myers-violet-xxx-xnxx-videos-xnx-xxxx-porn-sexx-videos-xhamster-272413.html</guid></item>
<item><title>tu76uj</title><link>https://stargate.bmi.stonybrook.edu/hox/video/video-xxx-myers-violet-xxx-xnxx-videos-xnx-xxxx-porn-sexx-videos-xhamster-272414.html</link><description>&lt;div class=&quot;field field-name-field-date field-type-datetime field-label-above;/div&gt;</description><dc:creator>royal</dc:creator><guid isPermaLink="false">13584 at https://stargate.bmi.stonybrook.edu/hox/video/video-xxx-myers-violet-xxx-xnxx-videos-xnx-xxxx-porn-sexx-videos-xhamster-272414.html</guid></item>
<item><title>tu76uj</title><link>https://stargate.bmi.stonybrook.edu/hox/video/video-xxx-myers-violet-xxx-xnxx-videos-xnx-xxxx-porn-sexx-videos-xhamster-272415.html</link><description>&lt;div class=&quot;field field-name-field-date field-type-datetime field-label-above;/div&gt;</description><dc:creator>royal</dc:creator><guid isPermaLink="false">13584 at https://stargate.bmi.stonybrook.edu/hox/video/video-xxx-myers-violet-xxx-xnxx-videos-xnx-xxxx-porn-sexx-videos-xhamster-272415.html</guid></item>
<item><title>tu76uj</title><link>https://stargate.bmi.stonybrook.edu/hox/video/video-xxx-myers-violet-xxx-xnxx-videos-xnx-xxxx-porn-sexx-videos-xhamster-272416.html</link><description>&lt;div class=&quot;field field-name-field-date field-type-datetime field-label-above;/div&gt;</description><dc:creator>royal</dc:creator><guid isPermaLink="false">13584 at https://stargate.bmi.stonybrook.edu/hox/video/video-xxx-myers-violet-xxx-xnxx-videos-xnx-xxxx-porn-sexx-videos-xhamster-272416.html</guid></item>
<item><title>tu76uj</title><link>https://stargate.bmi.stonybrook.edu/hox/video/video-xxx-myers-violet-xxx-xnxx-videos-xnx-xxxx-porn-sexx-videos-xhamster-272417.html</link><description>&lt;div class=&quot;field field-name-field-date field-type-datetime field-label-above;/div&gt;</description><dc:creator>royal</dc:creator><guid isPermaLink="false">13584 at https://stargate.bmi.stonybrook.edu/hox/video/video-xxx-myers-violet-xxx-xnxx-videos-xnx-xxxx-porn-sexx-videos-xhamster-272417.html</guid></item>
<item><title>tu76uj</title><link>https://stargate.bmi.stonybrook.edu/hox/video/video-xxx-myers-violet-xxx-xnxx-videos-xnx-xxxx-porn-sexx-videos-xhamster-272418.html</link><description>&lt;div class=&quot;field field-name-field-date field-type-datetime field-label-above;/div&gt;</description><dc:creator>royal</dc:creator><guid isPermaLink="false">13584 at https://stargate.bmi.stonybrook.edu/hox/video/video-xxx-myers-violet-xxx-xnxx-videos-xnx-xxxx-porn-sexx-videos-xhamster-272418.html</guid></item>
<item><title>tu76uj</title><link>https://stargate.bmi.stonybrook.edu/hox/video/video-xxx-myers-violet-xxx-xnxx-videos-xnx-xxxx-porn-sexx-videos-xhamster-272419.html</link><description>&lt;div class=&quot;field field-name-field-date field-type-datetime field-label-above;/div&gt;</description><dc:creator>royal</dc:creator><guid isPermaLink="false">13584 at https://stargate.bmi.stonybrook.edu/hox/video/video-xxx-myers-violet-xxx-xnxx-videos-xnx-xxxx-porn-sexx-videos-xhamster-272419.html</guid></item>
<item><title>tu76uj</title><link>https://stargate.bmi.stonybrook.edu/hox/video/video-xxx-myers-violet-xxx-xnxx-videos-xnx-xxxx-porn-sexx-videos-xhamster-272420.html</link><description>&lt;div class=&quot;field field-name-field-date field-type-datetime field-label-above;/div&gt;</description><dc:creator>royal</dc:creator><guid isPermaLink="false">13584 at https://stargate.bmi.stonybrook.edu/hox/video/video-xxx-myers-violet-xxx-xnxx-videos-xnx-xxxx-porn-sexx-videos-xhamster-272420.html</guid></item>
<item><title>tu76uj</title><link>https://stargate.bmi.stonybrook.edu/hox/video/video-xxxxx-pornhub-anal-sex-porn-xx-xhamster-122001.html</link><description>&lt;div class=&quot;field field-name-field-date field-type-datetime field-label-above;/div&gt;</description><dc:creator>royal</dc:creator><guid isPermaLink="false">13584 at https://stargate.bmi.stonybrook.edu/hox/video/video-xxxxx-pornhub-anal-sex-porn-xx-xhamster-122001.html</guid></item>
<item><title>tu76uj</title><link>https://stargate.bmi.stonybrook.edu/hox/video/video-xxxxx-pornhub-anal-sex-porn-xx-xhamster-122002.html</link><description>&lt;div class=&quot;field field-name-field-date field-type-datetime field-label-above;/div&gt;</description><dc:creator>royal</dc:creator><guid isPermaLink="false">13584 at https://stargate.bmi.stonybrook.edu/hox/video/video-xxxxx-pornhub-anal-sex-porn-xx-xhamster-122002.html</guid></item>
<item><title>tu76uj</title><link>https://stargate.bmi.stonybrook.edu/hox/video/video-xxxxx-pornhub-anal-sex-porn-xx-xhamster-122003.html</link><description>&lt;div class=&quot;field field-name-field-date field-type-datetime field-label-above;/div&gt;</description><dc:creator>royal</dc:creator><guid isPermaLink="false">13584 at https://stargate.bmi.stonybrook.edu/hox/video/video-xxxxx-pornhub-anal-sex-porn-xx-xhamster-122003.html</guid></item>
<item><title>tu76uj</title><link>https://stargate.bmi.stonybrook.edu/hox/video/video-xxxxx-pornhub-anal-sex-porn-xx-xhamster-122004.html</link><description>&lt;div class=&quot;field field-name-field-date field-type-datetime field-label-above;/div&gt;</description><dc:creator>royal</dc:creator><guid isPermaLink="false">13584 at https://stargate.bmi.stonybrook.edu/hox/video/video-xxxxx-pornhub-anal-sex-porn-xx-xhamster-122004.html</guid></item>
<item><title>tu76uj</title><link>https://stargate.bmi.stonybrook.edu/hox/video/video-xxxxx-pornhub-anal-sex-porn-xx-xhamster-122005.html</link><description>&lt;div class=&quot;field field-name-field-date field-type-datetime field-label-above;/div&gt;</description><dc:creator>royal</dc:creator><guid isPermaLink="false">13584 at https://stargate.bmi.stonybrook.edu/hox/video/video-xxxxx-pornhub-anal-sex-porn-xx-xhamster-122005.html</guid></item>
<item><title>tu76uj</title><link>https://stargate.bmi.stonybrook.edu/hox/video/video-xxxxx-pornhub-anal-sex-porn-xx-xhamster-122006.html</link><description>&lt;div class=&quot;field field-name-field-date field-type-datetime field-label-above;/div&gt;</description><dc:creator>royal</dc:creator><guid isPermaLink="false">13584 at https://stargate.bmi.stonybrook.edu/hox/video/video-xxxxx-pornhub-anal-sex-porn-xx-xhamster-122006.html</guid></item>
<item><title>tu76uj</title><link>https://stargate.bmi.stonybrook.edu/hox/video/video-xxxxx-pornhub-anal-sex-porn-xx-xhamster-122007.html</link><description>&lt;div class=&quot;field field-name-field-date field-type-datetime field-label-above;/div&gt;</description><dc:creator>royal</dc:creator><guid isPermaLink="false">13584 at https://stargate.bmi.stonybrook.edu/hox/video/video-xxxxx-pornhub-anal-sex-porn-xx-xhamster-122007.html</guid></item>
<item><title>tu76uj</title><link>https://stargate.bmi.stonybrook.edu/hox/video/video-xxxxx-pornhub-anal-sex-porn-xx-xhamster-122008.html</link><description>&lt;div class=&quot;field field-name-field-date field-type-datetime field-label-above;/div&gt;</description><dc:creator>royal</dc:creator><guid isPermaLink="false">13584 at https://stargate.bmi.stonybrook.edu/hox/video/video-xxxxx-pornhub-anal-sex-porn-xx-xhamster-122008.html</guid></item>
<item><title>tu76uj</title><link>https://stargate.bmi.stonybrook.edu/hox/video/video-xxxxx-pornhub-anal-sex-porn-xx-xhamster-122009.html</link><description>&lt;div class=&quot;field field-name-field-date field-type-datetime field-label-above;/div&gt;</description><dc:creator>royal</dc:creator><guid isPermaLink="false">13584 at https://stargate.bmi.stonybrook.edu/hox/video/video-xxxxx-pornhub-anal-sex-porn-xx-xhamster-122009.html</guid></item>
<item><title>tu76uj</title><link>https://stargate.bmi.stonybrook.edu/hox/video/video-xxxxx-pornhub-anal-sex-porn-xx-xhamster-122010.html</link><description>&lt;div class=&quot;field field-name-field-date field-type-datetime field-label-above;/div&gt;</description><dc:creator>royal</dc:creator><guid isPermaLink="false">13584 at https://stargate.bmi.stonybrook.edu/hox/video/video-xxxxx-pornhub-anal-sex-porn-xx-xhamster-122010.html</guid></item>
<item><title>tu76uj</title><link>https://stargate.bmi.stonybrook.edu/hox/video/video-xxxxx-pornhub-anal-sex-porn-xx-xhamster-122011.html</link><description>&lt;div class=&quot;field field-name-field-date field-type-datetime field-label-above;/div&gt;</description><dc:creator>royal</dc:creator><guid isPermaLink="false">13584 at https://stargate.bmi.stonybrook.edu/hox/video/video-xxxxx-pornhub-anal-sex-porn-xx-xhamster-122011.html</guid></item>
<item><title>tu76uj</title><link>https://stargate.bmi.stonybrook.edu/hox/video/video-xxxxx-pornhub-anal-sex-porn-xx-xhamster-122012.html</link><description>&lt;div class=&quot;field field-name-field-date field-type-datetime field-label-above;/div&gt;</description><dc:creator>royal</dc:creator><guid isPermaLink="false">13584 at https://stargate.bmi.stonybrook.edu/hox/video/video-xxxxx-pornhub-anal-sex-porn-xx-xhamster-122012.html</guid></item>
<item><title>tu76uj</title><link>https://stargate.bmi.stonybrook.edu/hox/video/video-xxxxx-pornhub-anal-sex-porn-xx-xhamster-122013.html</link><description>&lt;div class=&quot;field field-name-field-date field-type-datetime field-label-above;/div&gt;</description><dc:creator>royal</dc:creator><guid isPermaLink="false">13584 at https://stargate.bmi.stonybrook.edu/hox/video/video-xxxxx-pornhub-anal-sex-porn-xx-xhamster-122013.html</guid></item>
<item><title>tu76uj</title><link>https://stargate.bmi.stonybrook.edu/hox/video/video-xxxxx-pornhub-anal-sex-porn-xx-xhamster-122014.html</link><description>&lt;div class=&quot;field field-name-field-date field-type-datetime field-label-above;/div&gt;</description><dc:creator>royal</dc:creator><guid isPermaLink="false">13584 at https://stargate.bmi.stonybrook.edu/hox/video/video-xxxxx-pornhub-anal-sex-porn-xx-xhamster-122014.html</guid></item>
<item><title>tu76uj</title><link>https://stargate.bmi.stonybrook.edu/hox/video/video-xxxxx-pornhub-anal-sex-porn-xx-xhamster-122015.html</link><description>&lt;div class=&quot;field field-name-field-date field-type-datetime field-label-above;/div&gt;</description><dc:creator>royal</dc:creator><guid isPermaLink="false">13584 at https://stargate.bmi.stonybrook.edu/hox/video/video-xxxxx-pornhub-anal-sex-porn-xx-xhamster-122015.html</guid></item>
<item><title>tu76uj</title><link>https://stargate.bmi.stonybrook.edu/hox/video/video-xxxxx-pornhub-anal-sex-porn-xx-xhamster-122016.html</link><description>&lt;div class=&quot;field field-name-field-date field-type-datetime field-label-above;/div&gt;</description><dc:creator>royal</dc:creator><guid isPermaLink="false">13584 at https://stargate.bmi.stonybrook.edu/hox/video/video-xxxxx-pornhub-anal-sex-porn-xx-xhamster-122016.html</guid></item>
<item><title>tu76uj</title><link>https://stargate.bmi.stonybrook.edu/hox/video/video-xxxxx-pornhub-anal-sex-porn-xx-xhamster-122017.html</link><description>&lt;div class=&quot;field field-name-field-date field-type-datetime field-label-above;/div&gt;</description><dc:creator>royal</dc:creator><guid isPermaLink="false">13584 at https://stargate.bmi.stonybrook.edu/hox/video/video-xxxxx-pornhub-anal-sex-porn-xx-xhamster-122017.html</guid></item>
<item><title>tu76uj</title><link>https://stargate.bmi.stonybrook.edu/hox/video/video-xxxxx-pornhub-anal-sex-porn-xx-xhamster-122018.html</link><description>&lt;div class=&quot;field field-name-field-date field-type-datetime field-label-above;/div&gt;</description><dc:creator>royal</dc:creator><guid isPermaLink="false">13584 at https://stargate.bmi.stonybrook.edu/hox/video/video-xxxxx-pornhub-anal-sex-porn-xx-xhamster-122018.html</guid></item>
<item><title>tu76uj</title><link>https://stargate.bmi.stonybrook.edu/hox/video/video-xxxxx-pornhub-anal-sex-porn-xx-xhamster-122019.html</link><description>&lt;div class=&quot;field field-name-field-date field-type-datetime field-label-above;/div&gt;</description><dc:creator>royal</dc:creator><guid isPermaLink="false">13584 at https://stargate.bmi.stonybrook.edu/hox/video/video-xxxxx-pornhub-anal-sex-porn-xx-xhamster-122019.html</guid></item>
<item><title>tu76uj</title><link>https://stargate.bmi.stonybrook.edu/hox/video/video-xxxxx-pornhub-anal-sex-porn-xx-xhamster-122020.html</link><description>&lt;div class=&quot;field field-name-field-date field-type-datetime field-label-above;/div&gt;</description><dc:creator>royal</dc:creator><guid isPermaLink="false">13584 at https://stargate.bmi.stonybrook.edu/hox/video/video-xxxxx-pornhub-anal-sex-porn-xx-xhamster-122020.html</guid></item>
<item><title>tu76uj</title><link>https://stargate.bmi.stonybrook.edu/hox/video/video-xxxxx-pornhub-anal-sex-porn-xx-xhamster-122021.html</link><description>&lt;div class=&quot;field field-name-field-date field-type-datetime field-label-above;/div&gt;</description><dc:creator>royal</dc:creator><guid isPermaLink="false">13584 at https://stargate.bmi.stonybrook.edu/hox/video/video-xxxxx-pornhub-anal-sex-porn-xx-xhamster-122021.html</guid></item>
<item><title>tu76uj</title><link>https://stargate.bmi.stonybrook.edu/hox/video/video-xxxxx-pornhub-anal-sex-porn-xx-xhamster-122022.html</link><description>&lt;div class=&quot;field field-name-field-date field-type-datetime field-label-above;/div&gt;</description><dc:creator>royal</dc:creator><guid isPermaLink="false">13584 at https://stargate.bmi.stonybrook.edu/hox/video/video-xxxxx-pornhub-anal-sex-porn-xx-xhamster-122022.html</guid></item>
<item><title>tu76uj</title><link>https://stargate.bmi.stonybrook.edu/hox/video/video-xxxxx-pornhub-anal-sex-porn-xx-xhamster-122023.html</link><description>&lt;div class=&quot;field field-name-field-date field-type-datetime field-label-above;/div&gt;</description><dc:creator>royal</dc:creator><guid isPermaLink="false">13584 at https://stargate.bmi.stonybrook.edu/hox/video/video-xxxxx-pornhub-anal-sex-porn-xx-xhamster-122023.html</guid></item>
<item><title>tu76uj</title><link>https://stargate.bmi.stonybrook.edu/hox/video/video-xxxxx-pornhub-anal-sex-porn-xx-xhamster-122024.html</link><description>&lt;div class=&quot;field field-name-field-date field-type-datetime field-label-above;/div&gt;</description><dc:creator>royal</dc:creator><guid isPermaLink="false">13584 at https://stargate.bmi.stonybrook.edu/hox/video/video-xxxxx-pornhub-anal-sex-porn-xx-xhamster-122024.html</guid></item>
<item><title>tu76uj</title><link>https://stargate.bmi.stonybrook.edu/hox/video/video-xxxxx-pornhub-anal-sex-porn-xx-xhamster-122025.html</link><description>&lt;div class=&quot;field field-name-field-date field-type-datetime field-label-above;/div&gt;</description><dc:creator>royal</dc:creator><guid isPermaLink="false">13584 at https://stargate.bmi.stonybrook.edu/hox/video/video-xxxxx-pornhub-anal-sex-porn-xx-xhamster-122025.html</guid></item>
<item><title>tu76uj</title><link>https://stargate.bmi.stonybrook.edu/hox/video/video-xxxxx-pornhub-anal-sex-porn-xx-xhamster-122026.html</link><description>&lt;div class=&quot;field field-name-field-date field-type-datetime field-label-above;/div&gt;</description><dc:creator>royal</dc:creator><guid isPermaLink="false">13584 at https://stargate.bmi.stonybrook.edu/hox/video/video-xxxxx-pornhub-anal-sex-porn-xx-xhamster-122026.html</guid></item>
<item><title>tu76uj</title><link>https://stargate.bmi.stonybrook.edu/hox/video/video-xxxxx-pornhub-anal-sex-porn-xx-xhamster-122027.html</link><description>&lt;div class=&quot;field field-name-field-date field-type-datetime field-label-above;/div&gt;</description><dc:creator>royal</dc:creator><guid isPermaLink="false">13584 at https://stargate.bmi.stonybrook.edu/hox/video/video-xxxxx-pornhub-anal-sex-porn-xx-xhamster-122027.html</guid></item>
<item><title>tu76uj</title><link>https://stargate.bmi.stonybrook.edu/hox/video/video-xxxxx-pornhub-anal-sex-porn-xx-xhamster-122028.html</link><description>&lt;div class=&quot;field field-name-field-date field-type-datetime field-label-above;/div&gt;</description><dc:creator>royal</dc:creator><guid isPermaLink="false">13584 at https://stargate.bmi.stonybrook.edu/hox/video/video-xxxxx-pornhub-anal-sex-porn-xx-xhamster-122028.html</guid></item>
<item><title>tu76uj</title><link>https://stargate.bmi.stonybrook.edu/hox/video/video-xxxxx-pornhub-anal-sex-porn-xx-xhamster-122029.html</link><description>&lt;div class=&quot;field field-name-field-date field-type-datetime field-label-above;/div&gt;</description><dc:creator>royal</dc:creator><guid isPermaLink="false">13584 at https://stargate.bmi.stonybrook.edu/hox/video/video-xxxxx-pornhub-anal-sex-porn-xx-xhamster-122029.html</guid></item>
<item><title>tu76uj</title><link>https://stargate.bmi.stonybrook.edu/hox/video/video-xxxxx-pornhub-anal-sex-porn-xx-xhamster-122030.html</link><description>&lt;div class=&quot;field field-name-field-date field-type-datetime field-label-above;/div&gt;</description><dc:creator>royal</dc:creator><guid isPermaLink="false">13584 at https://stargate.bmi.stonybrook.edu/hox/video/video-xxxxx-pornhub-anal-sex-porn-xx-xhamster-122030.html</guid></item>
</channel>
</rss>
